name,datetime,tempmax,tempmin,temp,feelslikemax,feelslikemin,feelslike,dew,humidity,precip,precipprob,precipcover,preciptype,snow,snowdepth,windgust,windspeed,winddir,sealevelpressure,cloudcover,visibility,solarradiation,solarenergy,uvindex,severerisk,sunrise,sunset,moonphase,conditions,description,icon,stations
belgrade,2023-08-01,31,15.7,24.4,29.9,15.7,24.1,14,55.7,0,0,0,,0,0,57.6,16,145.2,1008.1,22.8,17.3,,,,,2023-08-01T05:23:32,2023-08-01T20:04:52,0.5,Partially cloudy,Becoming cloudy in the afternoon.,partly-cloudy-day,"13272099999,LYBE,13272599999,13183099999,13274099999,LYBT"
belgrade,2023-08-02,27.3,17.7,21.9,27.3,17.7,21.9,15.5,68.4,0.298,100,4.17,rain,0,0,32,25.6,220.3,1009.4,47.4,17.1,,,,,2023-08-02T05:24:40,2023-08-02T20:03:36,0.52,"Rain, Partially cloudy",Partly cloudy throughout the day with morning rain.,rain,"13272099999,LYBE,13272599999,13183099999,13274099999,LYVR,LYBT"
belgrade,2023-08-03,34.8,19.9,27.4,35,19.9,27.7,17,55.9,0,0,0,,0,0,39.6,13.6,135.4,1008.1,8.4,18.9,,,,,2023-08-03T05:25:48,2023-08-03T20:02:19,0.56,Clear,Clear conditions throughout the day.,clear-day,"13272099999,LYBE,13272599999,13183099999,13274099999,LYVR,LYBT"
belgrade,2023-08-04,35.5,21.5,29.4,38.6,21.5,31.1,19.5,56.7,0,0,0,,0,0,50.4,12,72.1,1007.6,23.2,16.5,,,,,2023-08-04T05:26:56,2023-08-04T20:01:00,0.59,Partially cloudy,Partly cloudy throughout the day.,partly-cloudy-day,"13272099999,LYBE,13272599999,13183099999,13274099999,LYBT"
belgrade,2023-08-05,29.3,18,22.4,31.5,18,22.6,19.4,84,29.712,100,4.17,rain,0,0,72,21.3,230,1005.1,66.8,12.6,,,,,2023-08-05T05:28:05,2023-08-05T19:59:39,0.62,"Rain, Partially cloudy",Partly cloudy throughout the day with late afternoon rain.,rain,"13272099999,LYBE,13272599999,13183099999,13274099999,LYBT"
belgrade,2023-08-06,24.1,16.9,19.2,24.1,16.9,19.2,16.7,86,21.991,100,8.33,rain,0,0,42.5,22.6,254.5,1004.8,70.3,13.2,,,,,2023-08-06T05:29:13,2023-08-06T19:58:17,0.66,"Rain, Partially cloudy",Partly cloudy throughout the day with rain.,rain,"13272099999,LYBE,13272599999,13183099999,13274099999,LYBT"
belgrade,2023-08-07,24.6,14,18.5,24.6,14,18.5,13.5,75.1,14.834,100,4.17,rain,0,0,42.8,18.8,200.9,1011.9,49.1,15.3,,,,,2023-08-07T05:30:23,2023-08-07T19:56:54,0.69,"Rain, Partially cloudy",Partly cloudy throughout the day with late afternoon rain.,rain,"13272099999,LYBE,13272599999,13183099999,13274099999,LYVR,LYBT"
belgrade,2023-08-08,23.3,14.7,18.7,23.3,14.7,18.7,10.5,60.6,0,0,0,,0,0,31.7,16.8,311.2,1019,52.6,19.7,,,,,2023-08-08T05:31:32,2023-08-08T19:55:29,0.75,Partially cloudy,Partly cloudy throughout the day.,partly-cloudy-day,"13272099999,LYBE,13272599999,13183099999,13274099999,LYBT"
belgrade,2023-08-09,25,13.4,19.8,25,13.4,19.8,12.5,64.9,0,0,0,,0,0,24.8,13.6,74.6,1017.7,50.3,18.1,,,,,2023-08-09T05:32:42,2023-08-09T19:54:03,0.76,Partially cloudy,Becoming cloudy in the afternoon.,partly-cloudy-day,"13272099999,LYBE,13272599999,13183099999,13274099999,LYBT"
belgrade,2023-08-10,24.3,17,19.8,24.3,17,19.8,14.4,71.7,0.095,100,12.5,rain,0,0,23.8,20.6,354.2,1019,51.6,15.7,,,,,2023-08-10T05:33:52,2023-08-10T19:52:35,0.8,"Rain, Partially cloudy",Partly cloudy throughout the day with rain.,rain,"13272099999,13173099999,LYBE,13272599999,13183099999,13180099999,13279099999,13274099999,LYVR,LYBT"
belgrade,2023-08-11,25.8,13.4,20.2,25.8,13.4,20.2,11.9,62.6,0,0,0,,0,0,24.8,11.1,281.4,1022.1,23.4,17.3,,,,,2023-08-11T05:35:02,2023-08-11T19:51:06,0.83,Partially cloudy,Partly cloudy throughout the day.,partly-cloudy-day,"13272099999,LYBE,13272599999,13183099999,13274099999,LYBT"
belgrade,2023-08-12,27.1,13.4,20.7,26.7,13.4,20.7,11.8,59.9,0,0,0,,0,0,23.4,11.7,328.4,1021.7,8.1,16.9,,,,,2023-08-12T05:36:12,2023-08-12T19:49:36,0.86,Clear,Clear conditions throughout the day.,clear-day,"13272099999,LYBE,13272599999,13183099999,13274099999,LYBT"
belgrade,2023-08-13,28.6,14.7,22,27.8,14.7,21.9,12.5,58.7,0,0,0,,0,0,19.8,10.8,56.2,1020.6,2.9,15.7,,,,,2023-08-13T05:37:22,2023-08-13T19:48:05,0.9,Clear,Clear conditions throughout the day.,clear-day,"13272099999,LYBE,13272599999,13183099999,13274099999,LYVR,LYBT"
belgrade,2023-08-14,30.3,16.1,24,29.6,16.1,23.9,14.8,59.5,0,0,0,,0,0,32.8,19.5,97.4,1019.8,7.1,17.3,,,,,2023-08-14T05:38:33,2023-08-14T19:46:32,0.93,Clear,Clear conditions throughout the day.,clear-day,"13272099999,LYBE,13272599999,13183099999,13274099999,LYBT"
belgrade,2023-08-15,27,18.6,23,27,18.6,23,15.8,65,0.2,100,8.33,rain,0,0,58,30.6,100.8,1018.7,50.6,15.7,,,,,2023-08-15T05:39:43,2023-08-15T19:44:58,0.97,"Rain, Partially cloudy",Partly cloudy throughout the day with rain.,rain,"13272099999,LYBE,13272599999,13183099999,13274099999,LYBT"
belgrade,2023-08-16,23.6,18,20.6,23.6,18,20.6,18.7,89.6,9.957,100,12.5,rain,0,0,32.8,13.7,32.4,1018.2,61.1,11.3,,,,,2023-08-16T05:40:54,2023-08-16T19:43:23,0,"Rain, Partially cloudy",Partly cloudy throughout the day with a chance of rain throughout the day.,rain,"13272099999,LYBE,13272599999,13183099999,13274099999,LYBT"
belgrade,2023-08-17,27.3,16.8,22.3,29,16.8,22.6,19.3,84.7,0.012,100,4.17,rain,0,0,22.3,10.7,30.9,1017,34.8,10,,,,,2023-08-17T05:42:05,2023-08-17T19:41:47,0.03,"Rain, Partially cloudy",Partly cloudy throughout the day with morning rain.,rain,"13272099999,LYBE,13272599999,13183099999,13274099999,LYVR,LYBT"
belgrade,2023-08-18,31.1,19.7,25.2,32.9,19.7,25.9,19.9,74.7,0,0,0,,0,0,26.3,14.2,93.3,1015.9,45.3,10.3,,,,,2023-08-18T05:43:16,2023-08-18T19:40:10,0.07,Partially cloudy,Partly cloudy throughout the day.,partly-cloudy-day,"13272099999,LYBE,13272599999,13183099999,13274099999,LYBT"
belgrade,2023-08-19,32,20.8,25.9,32.2,20.8,26.3,19.7,71.7,0,0,0,,0,0,44.6,26.8,103.6,1016.4,62.1,11.4,,,,,2023-08-19T05:44:26,2023-08-19T19:38:32,0.1,Partially cloudy,Partly cloudy throughout the day.,partly-cloudy-day,"13272099999,LYBE,13272599999,13183099999,13274099999,LYBT"
belgrade,2023-08-20,33.3,19.7,26.9,34.5,19.7,27.5,19.2,66.3,0,0,0,,0,0,25.2,10.7,4.4,1018.1,52.2,13.4,,,,,2023-08-20T05:45:37,2023-08-20T19:36:53,0.14,Partially cloudy,Partly cloudy throughout the day.,partly-cloudy-day,"13272099999,LYBE,13272599999,13183099999,13274099999,LYBT"
belgrade,2023-08-21,34,20.7,27.7,35.9,20.7,28.5,19.9,65.8,0,0,0,,0,0,28.4,15.6,330.1,1018.9,13.1,12.4,,,,,2023-08-21T05:46:48,2023-08-21T19:35:13,0.17,Clear,Clear conditions throughout the day.,clear-day,"13272099999,LYBE,13272599999,13183099999,13274099999,LYBT"
belgrade,2023-08-22,34,20.4,27.4,36.5,20.4,28.4,20,66.8,0,0,0,,0,0,17.6,10.8,48.9,1017.9,4.4,12.1,,,,,2023-08-22T05:47:59,2023-08-22T19:33:32,0.21,Clear,Clear conditions throughout the day.,clear-day,"13272099999,LYBE,13272599999,13183099999,13274099999,LYBT"
belgrade,2023-08-23,34.3,20.7,28.2,35.2,20.7,29.1,19.5,62.6,0,0,0,,0,0,25.2,10.1,46,1016,13.5,11.6,,,,,2023-08-23T05:49:10,2023-08-23T19:31:50,0.24,Clear,Clear conditions throughout the day.,clear-day,"13272099999,LYBE,13272599999,13183099999,13274099999,LYBT"
belgrade,2023-08-24,33.4,22,27.6,34.5,22,28.4,19.7,64.3,0,0,0,,0,0,31.3,16.9,334.4,1015.8,39.7,11.4,,,,,2023-08-24T05:50:21,2023-08-24T19:30:08,0.25,Partially cloudy,Partly cloudy throughout the day.,partly-cloudy-day,"13272099999,LYBE,13272599999,13183099999,13274099999,LYVR,LYBT"
belgrade,2023-08-25,34,19.7,27.5,34.6,19.7,27.8,18.3,61,0,0,0,,0,0,17.3,13.7,95.2,1014.6,9.5,12.8,,,,,2023-08-25T05:51:32,2023-08-25T19:28:24,0.31,Clear,Clear conditions throughout the day.,clear-day,"13272099999,LYBE,13272599999,13183099999,13274099999,LYBT"
belgrade,2023-08-26,35.7,20.7,28.6,36.3,20.7,29.2,17.6,54.3,0,0,0,,0,0,27,15.5,110,1012.1,0,14.5,,,,,2023-08-26T05:52:43,2023-08-26T19:26:40,0.34,Clear,Clear conditions throughout the day.,clear-day,"13272099999,LYBE,13272599999,13183099999,13274099999,LYBT"
belgrade,2023-08-27,37,20.8,29.5,38.3,20.8,30.2,18.4,54.6,0,0,0,,0,0,38.9,22.5,131.8,1009.1,4.6,13.4,,,,,2023-08-27T05:53:54,2023-08-27T19:24:55,0.38,Clear,Clear conditions throughout the day.,clear-day,"13272099999,LYBE,13272599999,13183099999,13274099999,LYVR,LYBT"
belgrade,2023-08-28,37,24.2,30.7,38.2,24.2,31.1,16.6,43.9,0,0,0,,0,0,75.6,29.6,133,1004.2,14.7,13.5,,,,,2023-08-28T05:55:05,2023-08-28T19:23:09,0.41,Clear,Clear conditions throughout the day.,clear-day,"13272099999,LYBE,13272599999,13183099999,13274099999,LYBT"
belgrade,2023-08-29,29.7,20.4,24.8,29.9,20.4,24.8,16.1,59.6,0.503,100,12.5,rain,0,0,75.6,22.5,117.3,1002.9,60.5,13.5,,,,,2023-08-29T05:56:16,2023-08-29T19:21:22,0.44,"Rain, Partially cloudy",Partly cloudy throughout the day with rain.,rain,"13272099999,LYBE,13272599999,13183099999,13274099999,LYBT"
belgrade,2023-08-30,25.7,16.5,21,25.7,16.5,21,15.9,74.2,0.207,100,8.33,rain,0,0,48.2,34.2,5,1005.4,58,13.4,,,,,2023-08-30T05:57:27,2023-08-30T19:19:35,0.48,"Rain, Partially cloudy",Partly cloudy throughout the day with rain in the morning and afternoon.,rain,"13272099999,LYBE,13272599999,13183099999,13274099999,LYVR,LYBT"
belgrade,2023-08-31,25.6,15,19.9,25.6,15,19.9,15.7,79,8.998,100,8.33,rain,0,0,28.4,10.8,323.7,1012.9,49.8,11.4,,,,,2023-08-31T05:58:37,2023-08-31T19:17:48,0.5,"Rain, Partially cloudy",Partly cloudy throughout the day with rain clearing later.,rain,"13272099999,LYBE,13272599999,13183099999,13274099999,LYVR,LYBT"
belgrade,2023-09-01,26.8,15.5,20.9,26.7,15.5,20.9,15.3,73.5,0,0,0,,0,0,21.6,9.5,268.3,1019.1,39.2,13.2,,,,,2023-09-01T05:59:48,2023-09-01T19:15:59,0.54,Partially cloudy,Partly cloudy throughout the day.,partly-cloudy-day,"13272099999,LYBE,13272599999,13183099999,13274099999,LYBT"
belgrade,2023-09-02,29.3,15.4,22.5,28.5,15.4,22.4,14.3,64.1,0,0,0,,0,0,15.1,9,80.6,1020.4,0.8,13.5,,,,,2023-09-02T06:00:59,2023-09-02T19:14:10,0.58,Clear,Clear conditions throughout the day.,clear-day,"13272099999,LYBE,13272599999,13183099999,13180099999,13274099999,LYBT"
belgrade,2023-09-03,30,16.1,21.8,29.2,16.1,21.7,14.8,67.8,4.954,100,4.17,rain,0,0,37.8,23.5,313.4,1020.4,46.6,12.6,,,,,2023-09-03T06:02:10,2023-09-03T19:12:21,0.61,"Rain, Partially cloudy",Partly cloudy throughout the day with late afternoon rain.,rain,"13272099999,LYBE,13272599999,13183099999,13274099999,LYBT"
belgrade,2023-09-04,24,14,18.7,24,14,18.7,13.7,74.9,2.689,100,12.5,rain,0,0,46.4,30,357.5,1020.2,69.4,12.4,,,,,2023-09-04T06:03:21,2023-09-04T19:10:31,0.64,"Rain, Partially cloudy",Partly cloudy throughout the day with rain.,rain,"13272099999,LYBE,13272599999,13183099999,13274099999,LYBT"
belgrade,2023-09-05,26.1,13.7,19.8,26.1,13.7,19.8,13.8,70.4,0,0,0,,0,0,25.6,13.4,27.6,1021,47.7,12.8,,,,,2023-09-05T06:04:31,2023-09-05T19:08:40,0.68,Partially cloudy,Partly cloudy throughout the day.,partly-cloudy-day,"13272099999,LYBE,13272599999,13183099999,13274099999,LYVR,LYBT"
belgrade,2023-09-06,28,14.5,22,27.6,14.5,22,14.5,66.7,0,0,0,,0,0,39.6,17.7,94.4,1021.9,30.2,15.4,,,,,2023-09-06T06:05:42,2023-09-06T19:06:50,0.71,Partially cloudy,Partly cloudy throughout the day.,partly-cloudy-day,"13272099999,LYBE,13272599999,13183099999,13274099999,LYVR,LYBT"
belgrade,2023-09-07,28.1,18.1,22.7,27.5,18.1,22.6,13.1,57.4,0,0,0,,0,0,43.2,24.3,111.7,1021.6,19.5,14.6,,,,,2023-09-07T06:06:53,2023-09-07T19:04:58,0.75,Clear,Clear conditions throughout the day.,clear-day,"13272099999,LYBE,13272599999,13183099999,13274099999,LYVR,LYBT"
belgrade,2023-09-08,29,15.5,22.7,28.1,15.5,22.5,12.3,54.9,0,0,0,,0,0,43.2,24.7,104.7,1020.6,24.3,14.1,,,,,2023-09-08T06:08:04,2023-09-08T19:03:07,0.78,Partially cloudy,Partly cloudy throughout the day.,partly-cloudy-day,"13272099999,LYBE,13272599999,13183099999,13274099999,LYVR,LYBT"
belgrade,2023-09-09,30,15.8,23.3,28.8,15.8,23,12.1,52.7,0,0,0,,0,0,25.6,15.5,74.2,1019.1,2.9,14,,,,,2023-09-09T06:09:14,2023-09-09T19:01:15,0.81,Clear,Clear conditions throughout the day.,clear-day,"13272099999,LYBE,13272599999,13183099999,13274099999,LYBT"
belgrade,2023-09-10,30,15.1,22.7,28.9,15.1,22.4,12.4,56.1,0,0,0,,0,0,16.9,10.6,126.9,1018.9,4.3,13.8,,,,,2023-09-10T06:10:25,2023-09-10T18:59:22,0.84,Clear,Clear conditions throughout the day.,clear-day,"13272099999,LYBE,13272599999,13183099999,13274099999,LYBT"
belgrade,2023-09-11,30.3,14.5,23.4,29.2,14.5,23.1,12.2,52.8,0,0,0,,0,0,26.3,12.9,115.4,1016.7,0,14.4,,,,,2023-09-11T06:11:36,2023-09-11T18:57:30,0.88,Clear,Clear conditions throughout the day.,clear-day,"13272099999,LYBE,13272599999,13183099999,13274099999,LYVR,LYBT"
belgrade,2023-09-12,32.7,15.8,24.5,31.2,15.8,24.1,12.1,49.9,0,0,0,,0,0,32.4,15.1,110.1,1014.4,2.3,13.8,,,,,2023-09-12T06:12:47,2023-09-12T18:55:37,0.91,Clear,Clear conditions throughout the day.,clear-day,"13272099999,LYBE,13272599999,13183099999,13274099999,LYBT"
belgrade,2023-09-13,33,17,25,31.8,17,24.7,13,49.7,0,0,0,,0,0,16.2,13.4,225.3,1014.6,50.4,12.4,,,,,2023-09-13T06:13:58,2023-09-13T18:53:43,0.94,Partially cloudy,Clearing in the afternoon.,partly-cloudy-day,"13272099999,LYBE,13272599999,13183099999,13274099999,LYBT"
belgrade,2023-09-14,29,19,23.7,28.8,19,23.7,15.4,61,0.1,100,4.17,rain,0,0,33.1,26.2,261.3,1016.3,68,12.2,,,,,2023-09-14T06:15:09,2023-09-14T18:51:50,0.98,"Rain, Partially cloudy",Partly cloudy throughout the day with afternoon rain.,rain,"13272099999,LYBE,13272599999,13183099999,13266099999,13274099999,LYVR,LYBT"
belgrade,2023-09-15,25.3,17.3,21.2,25.3,17.3,21.2,15.7,72.9,0,0,0,,0,0,27.4,17.8,349.1,1019.2,67.1,14.1,,,,,2023-09-15T06:16:20,2023-09-15T18:49:57,0,Partially cloudy,Partly cloudy throughout the day.,partly-cloudy-day,"13272099999,LYBE,13272599999,13183099999,13274099999,LYBT"
belgrade,2023-09-16,27,16,21.4,27.3,16,21.5,15.7,72.2,0,0,0,,0,0,46.8,21.3,108.9,1019.2,51.7,13.2,,,,,2023-09-16T06:17:31,2023-09-16T18:48:03,0.05,Partially cloudy,Partly cloudy throughout the day.,partly-cloudy-day,"13272099999,LYBE,13272599999,13183099999,13274099999,LYBT"
belgrade,2023-09-17,27.7,18,22.3,28.4,18,22.4,17,73.7,0,0,0,,0,0,57.6,23.6,119.2,1019.2,34.4,12.2,,,,,2023-09-17T06:18:42,2023-09-17T18:46:09,0.08,Partially cloudy,Partly cloudy throughout the day.,partly-cloudy-day,"13272099999,LYBE,13272599999,13183099999,13274099999,LYBT"
belgrade,2023-09-18,29,18,23.2,28.9,18,23.2,15.5,64.4,0,0,0,,0,0,72,27.8,126.9,1017.2,27.2,13,,,,,2023-09-18T06:19:53,2023-09-18T18:44:15,0.12,Partially cloudy,Partly cloudy throughout the day.,partly-cloudy-day,"13272099999,LYBE,13272599999,13183099999,13274099999,LYBT"
belgrade,2023-09-19,30,19.6,24.1,29.8,19.6,24.1,14.4,55.3,1.3,100,16.67,rain,0,0,86.4,25.4,113.1,1014.6,60.2,11.8,,,,,2023-09-19T06:21:04,2023-09-19T18:42:21,0.15,"Rain, Partially cloudy",Partly cloudy throughout the day with rain.,rain,"13272099999,LYBE,13272599999,13183099999,13274099999,LYVR,LYBT"
belgrade,2023-09-20,28,14.4,21.7,27.7,14.4,21.7,14,65.1,1.578,100,4.17,rain,0,0,16.6,10.7,61.7,1017.5,44.9,13.4,,,,,2023-09-20T06:22:16,2023-09-20T18:40:27,0.19,"Rain, Partially cloudy",Partly cloudy throughout the day with morning rain.,rain,"13272099999,LYBE,13272599999,13183099999,13274099999,LYVR,LYBT"
belgrade,2023-09-21,30,19.7,23.3,30.1,19.7,23.3,16.3,66.6,4.941,100,8.33,rain,0,0,90,21.9,131.6,1012.5,66.8,12.2,,,,,2023-09-21T06:23:27,2023-09-21T18:38:34,0.22,"Rain, Partially cloudy",Partly cloudy throughout the day with rain.,rain,"13272099999,LYBE,13272599999,13183099999,13274099999,LYBT"
belgrade,2023-09-22,32,18.5,25.1,31.7,18.5,25.1,16.2,61.4,0,0,0,,0,0,50.4,20.3,153.7,1010.7,52.3,13.4,,,,,2023-09-22T06:24:39,2023-09-22T18:36:40,0.25,Partially cloudy,Partly cloudy throughout the day.,partly-cloudy-day,"13272099999,LYBE,13272599999,13183099999,13274099999,LYBT"
belgrade,2023-09-23,30,18.6,24.7,29.9,18.6,24.7,15.1,56.6,0.197,100,4.17,rain,0,0,41.4,33.5,22.6,1012.5,57.2,12.4,,,,,2023-09-23T06:25:50,2023-09-23T18:34:46,0.29,"Rain, Partially cloudy",Partly cloudy throughout the day with late afternoon rain.,rain,"13272099999,LYBE,13272599999,13183099999,13274099999,LYBT"
belgrade,2023-09-24,20.1,14.9,17.5,20.1,14.9,17.5,15.6,88.8,0.19,100,12.5,rain,0,0,36.4,27,260,1016.7,78.7,11.6,,,,,2023-09-24T06:27:02,2023-09-24T18:32:52,0.33,"Rain, Partially cloudy",Partly cloudy throughout the day with rain.,rain,"13272099999,LYBE,13272599999,13183099999,13274099999,LYBT"
belgrade,2023-09-25,22.4,14.8,18,22.4,14.8,18,16.5,91.3,74.991,100,12.5,rain,0,0,29.9,17.4,296.4,1020.9,67.1,9.8,,,,,2023-09-25T06:28:14,2023-09-25T18:30:58,0.36,"Rain, Partially cloudy",Partly cloudy throughout the day with a chance of rain throughout the day.,rain,"13272099999,LYBE,13272599999,13183099999,13274099999,LYBT"
belgrade,2023-09-26,27.3,15.7,20,27,15.7,20,14.4,74.6,0,0,0,,0,0,29.2,20.5,83.9,1021.6,65.5,7.8,,,,,2023-09-26T06:29:26,2023-09-26T18:29:05,0.4,Partially cloudy,Partly cloudy throughout the day.,partly-cloudy-day,"13272099999,LYBE,13272599999,13183099999,13180099999,13274099999,LYBT"
belgrade,2023-09-27,27.3,15.4,21.2,26.8,15.4,21.2,11.1,55,0,0,0,,0,0,40.3,27.9,98.6,1021.3,22.8,13.8,,,,,2023-09-27T06:30:39,2023-09-27T18:27:12,0.43,Partially cloudy,Partly cloudy throughout the day.,partly-cloudy-day,"13272099999,LYBE,13272599999,13183099999,13274099999,LYBT"
belgrade,2023-09-28,27,12,20.2,26.6,12,20.2,11,59.1,0,0,0,,0,0,34.9,20,106.7,1020.6,6,13,,,,,2023-09-28T06:31:51,2023-09-28T18:25:18,0.47,Clear,Clear conditions throughout the day.,clear-day,"13272099999,13173099999,LYBE,13272599999,13183099999,13180099999,13266099999,13274099999,LYVR,LYBT"
belgrade,2023-09-29,27.7,12.4,19.6,26.9,12.4,19.5,11.2,63.1,0,0,0,,0,0,15.5,7.6,112,1021.4,26.7,13,,,,,2023-09-29T06:33:04,2023-09-29T18:23:26,0.5,Partially cloudy,Partly cloudy throughout the day.,partly-cloudy-day,"13272099999,LYBE,13272599999,13183099999,13180099999,13274099999,LYBT"
belgrade,2023-09-30,27.3,12.4,19.4,27,12.4,19.4,12,66,0,0,0,,0,0,22.7,15.1,284.7,1021.3,26.7,12.3,,,,,2023-09-30T06:34:17,2023-09-30T18:21:33,0.53,Partially cloudy,Partly cloudy throughout the day.,partly-cloudy-day,"13272099999,LYBE,13272599999,13183099999,13274099999,LYBT"
belgrade,2023-10-01,23,15.4,18.5,23,15.4,18.5,12.4,69.8,0,0,0,,0,0,33.5,21.8,293,1023.2,59.3,11.8,,,,,2023-10-01T06:35:30,2023-10-01T18:19:41,0.57,Partially cloudy,Partly cloudy throughout the day.,partly-cloudy-day,"13272099999,LYBE,13272599999,13183099999,13274099999,LYBT"
belgrade,2023-10-02,23,10.4,16.3,23,10.4,16.3,10.3,70,0,0,0,,0,0,29.2,10.7,262.9,1025.8,15.5,13.4,,,,,2023-10-02T06:36:44,2023-10-02T18:17:49,0.6,Clear,Clear conditions throughout the day.,clear-day,"13272099999,LYBE,13272599999,13183099999,13274099999,LYBT"
belgrade,2023-10-03,26,11.1,18.4,26,11.1,18.4,10.9,64,0,0,0,,0,0,27.7,15.6,128.6,1023.3,2.9,14.6,,,,,2023-10-03T06:37:57,2023-10-03T18:15:57,0.63,Clear,Clear conditions throughout the day.,clear-day,"13272099999,LYBE,13272599999,13183099999,13274099999,LYVR,LYBT"
belgrade,2023-10-04,25.1,11.7,18,25.1,11.7,18,10.7,64.7,0,0,0,,0,0,35.3,22.7,307.6,1023.5,56.3,13.6,,,,,2023-10-04T06:39:11,2023-10-04T18:14:06,0.66,Partially cloudy,Partly cloudy throughout the day.,partly-cloudy-day,"13272099999,LYBE,13272599999,13183099999,13274099999,LYVR,LYBT"
belgrade,2023-10-05,23.1,10.4,16.4,23.1,10.4,16.4,9.3,65.2,0,0,0,,0,0,11.5,9.5,272,1025.3,54.7,13.6,,,,,2023-10-05T06:40:25,2023-10-05T18:12:15,0.7,Partially cloudy,Partly cloudy throughout the day.,partly-cloudy-day,"13272099999,13173099999,LYBE,13272599999,13183099999,13274099999,LYVR,LYBT"
belgrade,2023-10-06,22.3,11.7,16,22.3,11.7,16,9.5,68.2,0,0,0,,0,0,37.1,14,273,1025.9,45.4,13.2,,,,,2023-10-06T06:41:39,2023-10-06T18:10:25,0.75,Partially cloudy,Clearing in the afternoon.,partly-cloudy-day,"13272099999,LYBE,13272599999,13183099999,13274099999,LYVR,LYBT"
belgrade,2023-10-07,23.3,8.8,15.7,23.3,8.3,15.7,8,64.8,0,0,0,,0,0,16.2,11.1,211.7,1024,25.7,13.4,,,,,2023-10-07T06:42:54,2023-10-07T18:08:35,0.76,Partially cloudy,Becoming cloudy in the afternoon.,partly-cloudy-day,"13272099999,LYBE,13272599999,13183099999,13274099999,LYBT"
belgrade,2023-10-08,26,12.5,18.2,26,12.5,18.2,8.7,55.4,0,0,0,,0,0,64.8,43.9,293.8,1019.8,79.1,14.6,,,,,2023-10-08T06:44:09,2023-10-08T18:06:46,0.79,Partially cloudy,Partly cloudy throughout the day.,partly-cloudy-day,"13272099999,LYBE,13272599999,13183099999,13274099999,LYBT"
belgrade,2023-10-09,22,7.7,15.4,22,7.7,15.4,7.4,60.2,0,0,0,,0,0,21.6,13.3,129.2,1023,58.4,14.2,,,,,2023-10-09T06:45:24,2023-10-09T18:04:58,0.83,Partially cloudy,Partly cloudy throughout the day.,partly-cloudy-day,"13272099999,LYBE,13272599999,13183099999,13274099999,LYBT"
belgrade,2023-10-10,21.8,14.9,17.6,21.8,14.9,17.6,12.7,73.7,0.003,100,4.17,rain,0,0,25.9,17.2,12.9,1021.8,60.4,13.2,,,,,2023-10-10T06:46:40,2023-10-10T18:03:10,0.86,"Rain, Partially cloudy",Partly cloudy throughout the day with early morning rain.,rain,"13272099999,LYBE,13272599999,13183099999,13274099999,LYVR,LYBT"
belgrade,2023-10-11,23,10.5,16.6,23,10.5,16.6,11.5,74.9,0,0,0,,0,0,43.2,13.6,118,1024.4,13.2,11.5,,,,,2023-10-11T06:47:55,2023-10-11T18:01:22,0.89,Clear,Clear conditions throughout the day.,clear-day,"13272099999,LYBE,13272599999,13183099999,13274099999,LYBT"
belgrade,2023-10-12,27.7,11.1,18.4,27.1,11.1,18.3,10.1,60.7,0,0,0,,0,0,50.4,14.1,119.8,1020.2,1.5,13.6,,,,,2023-10-12T06:49:11,2023-10-12T17:59:35,0.92,Clear,Clear conditions throughout the day.,clear-day,"13272099999,LYBE,13272599999,13183099999,13274099999,LYVR,LYBT"
belgrade,2023-10-13,26,11.4,18.5,26,11.4,18.5,12.5,70.7,0,0,0,,0,0,14.4,8.8,146.7,1020,28.3,11.7,,,,,2023-10-13T06:50:28,2023-10-13T17:57:49,0.96,Partially cloudy,Clearing in the afternoon.,partly-cloudy-day,"13272099999,LYBE,13272599999,13183099999,13274099999,LYBT"
belgrade,2023-10-14,27.5,12.2,19.4,26.9,12.2,19.4,11.6,63.5,0,0,0,,0,0,27.7,10.4,179.4,1014.5,15,11.8,,,,,2023-10-14T06:51:45,2023-10-14T17:56:04,0,Clear,Clear conditions throughout the day.,clear-day,"13272099999,LYBE,13272599999,13183099999,13274099999,LYBT"
belgrade,2023-10-15,17.8,10,14,17.8,10,14,10.4,79.9,0.339,100,4.17,rain,0,0,37.8,26.9,299.6,1013.9,67.7,12.7,,,,,2023-10-15T06:53:02,2023-10-15T17:54:19,0.02,"Rain, Partially cloudy",Partly cloudy throughout the day with late afternoon rain.,rain,"13272099999,LYBE,13272599999,13183099999,13274099999,LYBT"
belgrade,2023-10-16,13.6,7,9.5,13.6,3.9,8.4,6,80.7,2.761,100,8.33,rain,0,0,31.7,25,269.4,1022.5,66.2,11.6,,,,,2023-10-16T06:54:19,2023-10-16T17:52:36,0.06,"Rain, Partially cloudy",Partly cloudy throughout the day with rain clearing later.,rain,"13272099999,LYBE,13272599999,13183099999,13274099999,LYBT"
belgrade,2023-10-17,13.3,2.7,8,13.3,2.7,7.8,4.5,80.6,0,0,0,,0,0,15.5,9.3,57.5,1021.2,63.8,10.7,,,,,2023-10-17T06:55:36,2023-10-17T17:50:53,0.09,Partially cloudy,Partly cloudy throughout the day.,partly-cloudy-day,"13272099999,LYBE,13272599999,13183099999,13274099999,LYVR,LYBT"
belgrade,2023-10-18,17.8,2.4,10.4,17.8,1.2,10.3,5.5,75,0,0,0,,0,0,25.2,8.2,130.9,1017.6,37,10.1,,,,,2023-10-18T06:56:54,2023-10-18T17:49:11,0.13,Partially cloudy,Becoming cloudy in the afternoon.,partly-cloudy-day,"13272099999,LYBE,13272599999,13183099999,13274099999,LYBT"
belgrade,2023-10-19,23,9.9,16.5,23,8.3,16.5,10.3,68.3,0.816,100,8.33,rain,0,0,64.8,23.3,137.8,1008.5,68.2,13.8,,,,,2023-10-19T06:58:13,2023-10-19T17:47:30,0.17,"Rain, Partially cloudy",Partly cloudy throughout the day with rain in the morning and afternoon.,rain,"13272099999,LYBE,13272599999,13183099999,13274099999,LYBT"
belgrade,2023-10-20,30,17.5,23,29.1,17.5,23,11.8,50.9,0,0,0,,0,0,61.2,29.2,154.4,1001.5,51.1,12.6,,,,,2023-10-20T06:59:31,2023-10-20T17:45:50,0.2,Partially cloudy,Partly cloudy throughout the day.,partly-cloudy-day,"13272099999,LYBE,13272599999,13183099999,13274099999,LYBT"
belgrade,2023-10-21,25.5,18.8,23.6,25.5,18.8,23.6,11.2,46.4,0.104,100,4.17,rain,0,0,50.4,29.3,161.6,1005.6,60.5,13.2,,,,,2023-10-21T07:00:50,2023-10-21T17:44:11,0.24,"Rain, Partially cloudy",Partly cloudy throughout the day with late afternoon rain.,rain,"13272099999,LYBE,13272599999,13183099999,13274099999,LYBT"
belgrade,2023-10-22,24.4,16,19.3,24.4,16,19.3,12.1,64.7,0.417,100,8.33,rain,0,0,43.2,23.6,192.9,1012.2,54.1,14.2,,,,,2023-10-22T07:02:09,2023-10-22T17:42:32,0.25,"Rain, Partially cloudy",Partly cloudy throughout the day with rain.,rain,"13272099999,LYBE,13272599999,13183099999,13274099999,LYBT"
belgrade,2023-10-23,24.3,11,17.9,24.3,11,17.9,13.4,77.3,0,0,0,,0,0,14,9.2,136.7,1017.2,26.3,12.3,,,,,2023-10-23T07:03:29,2023-10-23T17:40:55,0.31,Partially cloudy,Partly cloudy throughout the day.,partly-cloudy-day,"13272099999,LYBE,13272599999,13183099999,13274099999,LYVR,LYBT"
belgrade,2023-10-24,26.6,11.5,19.5,26.6,11.5,19.5,11.3,61.9,0,0,0,,0,0,64.8,17.1,142.3,1012,71.8,13.3,,,,,2023-10-24T07:04:48,2023-10-24T17:39:19,0.34,Partially cloudy,Partly cloudy throughout the day.,partly-cloudy-day,"13272099999,LYBE,13272599999,13183099999,13274099999,LYVR,LYBT"
belgrade,2023-10-25,23.8,15.3,19.5,23.8,15.3,19.5,12.7,66.1,5.914,100,8.33,rain,0,0,72,26.1,183.3,1005.6,49.4,14.4,,,,,2023-10-25T07:06:09,2023-10-25T17:37:45,0.38,"Rain, Partially cloudy",Partly cloudy throughout the day with rain clearing later.,rain,"13272099999,LYBE,13272599999,13183099999,13274099999,LYBT"
belgrade,2023-10-26,21.7,13,17.7,21.7,13,17.7,11.9,70,0.003,100,4.17,rain,0,0,25.2,16.1,181.2,1003.2,57.9,14.6,,,,,2023-10-26T07:07:29,2023-10-26T17:36:11,0.41,"Rain, Partially cloudy",Partly cloudy throughout the day with afternoon rain.,rain,"13272099999,LYBE,13272599999,13183099999,13274099999,LYBT"
belgrade,2023-10-27,23.7,13.7,18.9,23.7,13.7,18.9,12.2,66.8,0.072,100,8.33,rain,0,0,61.9,25.9,173.1,999.1,83,16.6,,,,,2023-10-27T07:08:49,2023-10-27T17:34:39,0.45,"Rain, Partially cloudy",Partly cloudy throughout the day with rain.,rain,"13272099999,LYBE,13272599999,13183099999,13274099999,LYBT"
belgrade,2023-10-28,20.3,9.7,15.5,20.3,8.4,15.4,11.3,78.1,2.561,100,4.17,rain,0,0,24.8,18.1,156.5,1007.9,42.1,15.3,,,,,2023-10-28T07:10:10,2023-10-28T17:33:08,0.5,"Rain, Partially cloudy",Partly cloudy throughout the day with morning rain.,rain,"13272099999,LYBE,13272599999,13183099999,13274099999,LYBT"
belgrade,2023-10-29,24.8,9.2,17.2,24.8,9.2,17.2,9.3,63.8,0,0,0,,0,0,26.6,14.9,171.5,1014.9,18.5,12.8,,,,,2023-10-29T06:11:31,2023-10-29T16:31:38,0.52,Clear,Clear conditions throughout the day.,clear-day,"13272099999,LYBE,13272599999,13183099999,13274099999,LYBT"
belgrade,2023-10-30,26.5,9.3,17.8,26.5,9.3,17.8,8.1,56,0,0,0,,0,0,72,20.8,136.8,1014.8,24.6,14.6,,,,,2023-10-30T06:12:53,2023-10-30T16:30:09,0.55,Partially cloudy,Partly cloudy throughout the day.,partly-cloudy-day,"13272099999,LYBE,13272599999,13183099999,13274099999,LYBT"
belgrade,2023-10-31,23,12.2,17.7,23,12.2,17.7,8.5,58.3,1.014,100,4.17,rain,0,0,72,32,127.7,1008.4,65,12,,,,,2023-10-31T06:14:14,2023-10-31T16:28:42,0.58,"Rain, Partially cloudy",Partly cloudy throughout the day with late afternoon rain.,rain,"13272099999,LYBE,13272599999,13183099999,13274099999,LYBT"
belgrade,2023-11-01,18.6,9.7,13.5,18.6,7.7,13.3,8.5,74.6,1.985,100,4.17,rain,0,0,37.8,19.4,157,1015.2,64.2,13.1,,,,,2023-11-01T06:15:36,2023-11-01T16:27:17,0.62,"Rain, Partially cloudy",Partly cloudy throughout the day with early morning rain.,rain,"13272099999,LYBE,13272599999,13183099999,13274099999,LYBT"
belgrade,2023-11-02,21.6,10.7,15.2,21.6,10.7,15.2,8.8,66.9,0,0,0,,0,0,72,28.2,128.7,1006.5,66.5,14.2,,,,,2023-11-02T06:16:58,2023-11-02T16:25:52,0.65,Partially cloudy,Partly cloudy throughout the day.,partly-cloudy-day,"13272099999,LYBE,13272599999,13183099999,13274099999,LYBT"
belgrade,2023-11-03,21.3,11.8,15.8,21.3,11.8,15.8,10.7,73.9,5.027,100,8.33,rain,0,0,73.8,44,133.5,995.5,59.5,12.6,,,,,2023-11-03T06:18:20,2023-11-03T16:24:30,0.68,"Rain, Partially cloudy",Partly cloudy throughout the day with rain.,rain,"13272099999,LYBE,13272599999,13183099999,13274099999,LYBT"
belgrade,2023-11-04,14.5,8.8,11.9,14.5,7.1,11.6,9.4,85.3,3.556,100,8.33,rain,0,0,22,14.9,195.1,998.9,43,12.6,,,,,2023-11-04T06:19:42,2023-11-04T16:23:09,0.71,"Rain, Partially cloudy",Partly cloudy throughout the day with rain in the morning and afternoon.,rain,"13272099999,LYBE,13272599999,13183099999,13180099999,13274099999,LYBT"
belgrade,2023-11-05,22.6,9,14.5,22.6,6.7,14.3,9.5,73.8,11.839,100,12.5,rain,0,0,82.8,45.3,169.8,997.2,49.7,13.1,,,,,2023-11-05T06:21:04,2023-11-05T16:21:49,0.75,"Rain, Partially cloudy",Partly cloudy throughout the day with rain.,rain,"13272099999,LYBE,13272599999,13183099999,13274099999,LYBT"
belgrade,2023-11-06,21.1,10.8,15.4,21.1,10.8,15.4,8.7,66.4,0,0,0,,0,0,22,12.5,160.2,1011.6,35.5,12.6,,,,,2023-11-06T06:22:26,2023-11-06T16:20:31,0.78,Partially cloudy,Partly cloudy throughout the day.,partly-cloudy-day,"13272099999,LYBE,13272599999,13183099999,13274099999,LYVR,LYBT"
belgrade,2023-11-07,20,9.5,14.8,20,8.4,14.6,9.3,71.2,0,0,0,,0,0,22.3,18,153.7,1017,63.8,11.9,,,,,2023-11-07T06:23:49,2023-11-07T16:19:15,0.81,Partially cloudy,Partly cloudy throughout the day.,partly-cloudy-day,"13272099999,LYBE,13272599999,13183099999,13274099999,LYBT"
belgrade,2023-11-08,14,6.1,11.2,14,4.6,10.9,9,86.8,7.968,100,4.17,rain,0,0,31.3,20.5,281,1019.3,60.2,12.1,,,,,2023-11-08T06:25:11,2023-11-08T16:18:01,0.84,"Rain, Partially cloudy",Partly cloudy throughout the day with early morning rain.,rain,"13272099999,LYBE,13272599999,13183099999,13274099999,LYBT"
belgrade,2023-11-09,16.8,2.6,9.3,16.8,1,8.6,4.9,76.3,0,0,0,,0,0,57.6,19.8,136.1,1020,2.7,12.8,,,,,2023-11-09T06:26:33,2023-11-09T16:16:48,0.87,Clear,Clear conditions throughout the day.,clear-day,"13272099999,LYBE,13272599999,13183099999,13274099999,LYBT"
belgrade,2023-11-10,14.3,7.3,10.6,14.3,4.9,9.4,6,74.5,1.999,100,4.17,rain,0,0,75.6,24.3,136.6,1010,71.7,12,,,,,2023-11-10T06:27:56,2023-11-10T16:15:37,0.91,"Rain, Partially cloudy",Partly cloudy throughout the day with late afternoon rain.,rain,"13272099999,LYBE,13272599999,13183099999,13274099999,LYVR,LYBT"
belgrade,2023-11-11,12.6,5.7,9.5,12.6,3.4,8.5,8.1,91.1,6.634,100,12.5,rain,0,0,60.8,38.7,243.5,1003.9,62,11,,,,,2023-11-11T06:29:18,2023-11-11T16:14:28,0.94,"Rain, Partially cloudy",Partly cloudy throughout the day with a chance of rain throughout the day.,rain,"13272099999,LYBE,13272599999,13183099999,13274099999,LYVR,LYBT"
belgrade,2023-11-12,14,3,7.9,14,0.4,7,2.4,71.1,0.003,100,4.17,rain,0,0,19.8,14.1,122.3,1012.7,53.9,14.3,,,,,2023-11-12T06:30:40,2023-11-12T16:13:20,0.97,"Rain, Partially cloudy",Partly cloudy throughout the day with early morning rain.,rain,"13272099999,LYBE,13272599999,13183099999,13274099999,LYBT"
belgrade,2023-11-13,16,3.7,9.9,16,1.4,9.6,5.2,74,0,0,0,,0,0,20.9,10.7,174.2,1015.3,70.4,12.9,,,,,2023-11-13T06:32:01,2023-11-13T16:12:15,0,Partially cloudy,Partly cloudy throughout the day.,partly-cloudy-day,"13272099999,LYBE,13272599999,13183099999,13274099999,LYBT"
belgrade,2023-11-14,21.8,6.2,14.2,21.8,6.2,14.1,8.3,69.9,0,0,0,,0,0,54,15.5,152.8,1013.4,48.8,15.1,,,,,2023-11-14T06:33:23,2023-11-14T16:11:12,0.04,Partially cloudy,Partly cloudy throughout the day.,partly-cloudy-day,"13272099999,LYBE,13272599999,13183099999,13274099999,LYVR,LYBT"
belgrade,2023-11-15,14.6,9.5,12.4,14.6,7.4,12.2,10.6,89.4,12.227,100,8.33,rain,0,0,32.8,31.5,253.5,1012.7,73.2,12.6,,,,,2023-11-15T06:34:44,2023-11-15T16:10:10,0.07,"Rain, Partially cloudy",Partly cloudy throughout the day with rain in the morning and afternoon.,rain,"13272099999,LYBE,13272599999,13183099999,13274099999,LYBT"
belgrade,2023-11-16,15,5.7,10.1,15,3.6,9.2,6,77.5,0,0,0,,0,0,31.7,19.7,201.7,1019.7,46,14.2,,,,,2023-11-16T06:36:05,2023-11-16T16:09:11,0.11,Partially cloudy,Partly cloudy throughout the day.,partly-cloudy-day,"13272099999,LYBE,13272599999,13183099999,13274099999,LYBT"
belgrade,2023-11-17,12.3,5.7,9.2,12.3,0.8,7.5,6.4,83.6,9.638,100,12.5,rain,0,0,64.8,37.4,263.6,1009.9,84.8,10.6,,,,,2023-11-17T06:37:26,2023-11-17T16:08:14,0.15,"Rain, Partially cloudy",Partly cloudy throughout the day with rain.,rain,"13272099999,LYBE,13272599999,13183099999,13274099999,LYBT"
belgrade,2023-11-18,8,3,5.5,5,-1.4,1.6,1.7,77,7.939,100,8.33,rain,0,0,58.3,38,302.6,1019.2,73.3,13.8,,,,,2023-11-18T06:38:46,2023-11-18T16:07:19,0.18,"Rain, Partially cloudy",Partly cloudy throughout the day with rain clearing later.,rain,"13272099999,LYBE,13272599999,13183099999,13274099999,LYBT"
belgrade,2023-11-19,8.1,-0.3,4,7.5,-4.3,1.9,0.1,77.2,0,0,0,,0,0,20.2,17.8,232.5,1020.2,77.6,13,,,,,2023-11-19T06:40:06,2023-11-19T16:06:26,0.22,Partially cloudy,Partly cloudy throughout the day.,partly-cloudy-day,"13272099999,LYBE,13272599999,13183099999,13274099999,LYBT"
belgrade,2023-11-20,14,3.2,8.3,14,2.8,7.8,4.2,76.3,0.296,100,4.17,rain,0,0,19.8,15.2,217,1015.1,69.9,13.4,,,,,2023-11-20T06:41:25,2023-11-20T16:05:35,0.25,"Rain, Partially cloudy",Partly cloudy throughout the day with afternoon rain.,rain,"13272099999,LYBE,13272599999,13183099999,13274099999,LYBT"
belgrade,2023-11-21,10.8,4.1,8,10.8,2.1,7.2,6.8,92.2,10.952,100,8.33,rain,0,0,20.2,14.1,51.4,1010.5,66.1,7.2,,,,,2023-11-21T06:42:43,2023-11-21T16:04:46,0.29,"Rain, Partially cloudy",Partly cloudy throughout the day with rain.,rain,"13272099999,LYBE,13272599999,13183099999,13274099999,LYBT"
belgrade,2023-11-22,8.6,3,7.1,8,-1.4,5,6.5,96.1,10.292,100,12.5,rain,0,0,24.1,22.4,11.8,1016.5,89.5,4.8,,,,,2023-11-22T06:44:01,2023-11-22T16:04:00,0.32,"Rain, Partially cloudy",Partly cloudy throughout the day with a chance of rain throughout the day.,rain,"13272099999,LYBE,13272599999,13183099999,13274099999,LYBT"
belgrade,2023-11-23,5.6,1,3.1,5.6,-2.8,1.9,0.9,85.7,0,0,0,,0,0,21.2,19.3,310.9,1024,76.4,9.8,,,,,2023-11-23T06:45:19,2023-11-23T16:03:16,0.36,Partially cloudy,Partly cloudy throughout the day.,partly-cloudy-day,"13272099999,LYBE,13272599999,13183099999,13274099999,LYBT"
belgrade,2023-11-24,8.1,0.2,4.4,8.1,-1.8,3.3,3.5,94.2,1.974,100,8.33,rain,0,0,21.6,16.7,43.7,1005.3,50.6,5.7,,,,,2023-11-24T06:46:35,2023-11-24T16:02:34,0.4,"Rain, Partially cloudy",Partly cloudy throughout the day with rain.,rain,"13272099999,LYBE,13272599999,13183099999,13274099999,LYBT"
belgrade,2023-11-25,4.8,1,3.8,4.8,-4,0.8,1.7,86.4,0.755,100,8.33,rain,0,0,38.5,32.8,321.5,999.3,78.3,10.8,,,,,2023-11-25T06:47:51,2023-11-25T16:01:55,0.43,"Rain, Partially cloudy",Partly cloudy throughout the day with rain clearing later.,rain,"13272099999,LYBE,13272599999,13183099999,13274099999,LYBT"
belgrade,2023-11-26,4,-1,1.5,-0.2,-6,-2.7,-1.6,80.4,1.971,100,8.33,"rain,snow",0,0,46.8,29.4,295.6,1009.1,74.3,11,,,,,2023-11-26T06:49:06,2023-11-26T16:01:18,0.47,"Snow, Rain, Partially cloudy",Partly cloudy throughout the day with rain or snow.,rain,"13272099999,LYBE,13272599999,13183099999,13274099999,LYBT"
belgrade,2023-11-27,9.8,-1.3,4.5,8.3,-4.7,1.9,-2.1,63.6,0,0,0,,0,0,31.7,18.4,202.6,1013.1,71.3,13.4,,,,,2023-11-27T06:50:20,2023-11-27T16:00:43,0.5,Partially cloudy,Partly cloudy throughout the day.,partly-cloudy-day,"13272099999,LYBE,13272599999,13183099999,13274099999,LYBT"
belgrade,2023-11-28,10,4.7,6.5,10,1,3.3,3,78.7,4.114,100,8.33,rain,0,0,75.6,26.4,173.1,996.4,80,12,,,,,2023-11-28T06:51:33,2023-11-28T16:00:11,0.53,"Rain, Partially cloudy",Partly cloudy throughout the day with rain.,rain,"13272099999,LYBE,13272599999,13183099999,13274099999,LYBT"
belgrade,2023-11-29,5,-2.3,2.8,4.8,-5.6,0.1,-0.7,78.7,0.303,100,4.17,rain,0,0,34.2,19.7,283.5,1009.6,53.7,11.5,,,,,2023-11-29T06:52:45,2023-11-29T15:59:41,0.57,"Rain, Partially cloudy",Partly cloudy throughout the day with afternoon rain.,rain,"13272099999,LYBE,13272599999,13183099999,13274099999,LYBT"
belgrade,2023-11-30,11.4,-2,5.4,11.4,-6.2,2.9,1.4,76,0.102,100,8.33,rain,0,0,61.2,25.3,131.7,1009.2,47.7,12.4,,,,,2023-11-30T06:53:55,2023-11-30T15:59:14,0.6,"Rain, Partially cloudy",Partly cloudy throughout the day with rain.,rain,"13272099999,LYBE,13272599999,13183099999,13274099999,LYBT"
belgrade,2023-12-01,22.1,10.7,16.2,22.1,10.7,16.2,7.5,57.6,0,0,0,,0,0,61.2,18.7,157.3,1002.1,81.4,12.9,,,,,2023-12-01T06:55:05,2023-12-01T15:58:49,0.63,Partially cloudy,Partly cloudy throughout the day.,partly-cloudy-day,"13272099999,LYBE,13272599999,13183099999,13274099999,LYBT"
belgrade,2023-12-02,22.5,4.5,15.7,22.5,0.6,15.3,6.5,57.2,0,0,0,,0,0,61.2,25.6,147.9,999.7,83.2,12.2,,,,,2023-12-02T06:56:13,2023-12-02T15:58:27,0.66,Partially cloudy,Partly cloudy throughout the day.,partly-cloudy-day,"13272099999,LYBE,13272599999,13183099999,13274099999,LYBT"
belgrade,2023-12-03,3,-2.5,1.3,0.6,-5.7,-2.1,-2.7,75,0.2,100,4.17,rain,0,0,35.3,25.8,302.2,1021.4,70.6,11.9,,,,,2023-12-03T06:57:20,2023-12-03T15:58:08,0.69,"Rain, Partially cloudy",Partly cloudy throughout the day with early morning rain.,rain,"13272099999,LYBE,13272599999,13183099999,13274099999,LYBT"
belgrade,2023-12-04,3.8,-4.9,-0.6,2,-8.5,-3.1,-5,73.9,0,0,0,,0,0,32.4,20.9,124.3,1025.5,29.6,10.3,,,,,2023-12-04T06:58:26,2023-12-04T15:57:51,0.73,Partially cloudy,Becoming cloudy in the afternoon.,partly-cloudy-day,"13272099999,LYBE,13272599999,13183099999,13274099999,LYBT"
belgrade,2023-12-05,8.7,0.8,3.8,5.9,-4.5,-0.1,-1.6,68.5,0,0,0,,0,0,79.2,25.9,127,1015.4,69.1,12.7,,,,,2023-12-05T06:59:30,2023-12-05T15:57:36,0.75,Partially cloudy,Partly cloudy throughout the day.,partly-cloudy-day,"13272099999,LYBE,13272599999,13183099999,13274099999,LYBT"
belgrade,2023-12-06,5,0,1.9,3.3,-3.2,-1.1,-0.2,86.7,3.013,100,4.17,"rain,snow",0,0.1,72,24.9,156,1012.4,81.7,8.9,,,,,2023-12-06T07:00:33,2023-12-06T15:57:25,0.79,"Snow, Rain, Partially cloudy",Partly cloudy throughout the day with late afternoon rain or snow.,rain,"13272099999,LYBE,13272599999,13183099999,13274099999,LYBT"
belgrade,2023-12-07,4.1,1.7,3,1.6,-1.6,-0.3,1.5,89.5,0,0,0,,0,0.2,51,22.4,263.9,1018.5,93.1,9.2,,,,,2023-12-07T07:01:34,2023-12-07T15:57:15,0.82,Overcast,Cloudy skies throughout the day.,cloudy,"13272099999,LYBE,13272599999,13183099999,13274099999,LYBT"
belgrade,2023-12-08,3,-0.3,2.1,3,-3.5,0,0.9,91.9,0.003,100,4.17,rain,0,0,21.2,13.7,46.6,1020,73.8,6.2,,,,,2023-12-08T07:02:33,2023-12-08T15:57:09,0.85,"Rain, Partially cloudy",Partly cloudy throughout the day with early morning rain.,rain,"13272099999,LYBE,13272599999,13183099999,13274099999,LYBT"
belgrade,2023-12-09,5.3,-2,1.8,4,-3.9,0.7,0.5,91.4,0,0,0,,0,0,27.7,15,93.1,1019.4,70.1,6.2,,,,,2023-12-09T07:03:31,2023-12-09T15:57:05,0.89,Partially cloudy,Partly cloudy throughout the day.,partly-cloudy-day,"13272099999,LYBE,13272599999,13183099999,13274099999,LYBT"
belgrade,2023-12-10,4.1,-1.4,1.8,3.8,-3.5,0.6,1.4,97.1,5.968,100,8.33,rain,0,0,15.1,13.2,234.2,1015.8,92.3,3,,,,,2023-12-10T07:04:27,2023-12-10T15:57:04,0.92,"Rain, Overcast",Cloudy skies throughout the day with rain.,rain,"13272099999,LYBE,13272599999,13183099999,13274099999,LYBT"
belgrade,2023-12-11,11.3,-0.7,4.9,11.3,-2.8,3.9,2.2,84.1,0,0,0,,0,0,20.9,11.8,161.5,1015,60.5,7.8,,,,,2023-12-11T07:05:21,2023-12-11T15:57:05,0.95,Partially cloudy,Clearing in the afternoon.,partly-cloudy-day,"13272099999,LYBE,13272599999,13183099999,13274099999,LYVR,LYBT"
belgrade,2023-12-12,14.8,5.5,9.4,14.8,3.6,8.9,6.1,80.9,4.265,100,8.33,rain,0,0,19.4,11.5,142.4,1013.2,64.3,11.9,,,,,2023-12-12T07:06:13,2023-12-12T15:57:09,0.98,"Rain, Partially cloudy",Becoming cloudy in the afternoon with rain clearing later.,rain,"13272099999,LYBE,13272599999,13183099999,13274099999,LYVR,LYBT"
belgrade,2023-12-13,15.4,9.1,12.1,15.4,5.9,12,7.9,76,0.099,100,4.17,rain,0,0,68.4,23,143.6,1002.8,81.1,11.5,,,,,2023-12-13T07:07:04,2023-12-13T15:57:16,0,"Rain, Partially cloudy",Partly cloudy throughout the day with early morning rain.,rain,"13272099999,LYBE,13272599999,13183099999,13279099999,13180099999,13274099999,LYBT"
belgrade,2023-12-14,10,7,8.5,9.1,4.1,6.8,7.6,93.9,2.976,100,8.33,rain,0,0,28.1,16.5,272.3,1009.3,86.6,9,,,,,2023-12-14T07:07:52,2023-12-14T15:57:25,0.05,"Rain, Partially cloudy",Partly cloudy throughout the day with rain.,rain,"13272099999,LYBE,13272599999,13183099999,13274099999,LYBT"
belgrade,2023-12-15,7.1,3,6,7.1,-1.4,3.7,4.4,89.8,0,0,0,,0,0,33.8,22.7,343.4,1025.9,87.5,8.3,,,,,2023-12-15T07:08:38,2023-12-15T15:57:37,0.09,Partially cloudy,Partly cloudy throughout the day.,partly-cloudy-day,"13272099999,LYBE,13272599999,13183099999,13274099999,LYBT"
belgrade,2023-12-16,4,-1.3,1.5,3.6,-4.9,-0.8,-1.1,83,0,0,0,,0,0,27.7,17.7,326.4,1037.9,49.6,10.6,,,,,2023-12-16T07:09:22,2023-12-16T15:57:52,0.12,Partially cloudy,Partly cloudy throughout the day.,partly-cloudy-day,"13272099999,LYBE,13272599999,13183099999,13274099999,LYVR,LYBT"
belgrade,2023-12-17,6.8,-1.6,1.6,6,-4.6,0.3,-1.2,82.6,0,0,0,,0,0,12.6,10.8,203.7,1041.3,8.4,9.7,,,,,2023-12-17T07:10:05,2023-12-17T15:58:09,0.16,Clear,Clear conditions throughout the day.,clear-day,"13272099999,LYBE,13272599999,13183099999,13274099999,LYBT"
belgrade,2023-12-18,9,-2.3,2.8,9,-3.8,2.5,-0.6,80.3,0,0,0,,0,0,10.1,7.1,135.2,1035.6,3.7,9.2,,,,,2023-12-18T07:10:44,2023-12-18T15:58:28,0.2,Clear,Clear conditions throughout the day.,clear-day,"13272099999,LYBE,13272599999,13183099999,13274099999,LYBT"
belgrade,2023-12-19,12.6,-1.1,4.5,12.6,-3.1,3.9,0.9,79,0,0,0,,0,0,13.3,10,96.6,1026.5,0,6.6,,,,,2023-12-19T07:11:22,2023-12-19T15:58:50,0.25,Clear,Clear conditions throughout the day.,clear-day,"13272099999,13269099999,LYBE,13272599999,13183099999,13279099999,13274099999,LYVR,LYBT"
belgrade,2023-12-20,7.6,-2,2.4,6.6,-2.6,1.1,1,90.7,0,0,0,,0,0,17.3,12.7,264.7,1014.1,27.3,5.1,,,,,2023-12-20T07:11:57,2023-12-20T15:59:15,0.27,Partially cloudy,Partly cloudy throughout the day.,partly-cloudy-day,"13272099999,LYBE,13272599999,13183099999,13274099999,LYBT"
belgrade,2023-12-21,11.1,1.4,5.6,11.1,-1.1,3.5,0.4,71.8,0,0,0,,0,0,51.8,16.5,188,1009.7,39.3,10.5,,,,,2023-12-21T07:12:30,2023-12-21T15:59:42,0.3,Partially cloudy,Becoming cloudy in the afternoon.,partly-cloudy-day,"13272099999,LYBE,13272599999,13183099999,13274099999,LYVR,LYBT"
belgrade,2023-12-22,11,4,7.1,11,1.4,5,2.4,73.1,0.036,100,4.17,rain,0,0,43.8,22.2,252.1,999.9,79.4,12.3,,,,,2023-12-22T07:13:01,2023-12-22T16:00:12,0.34,"Rain, Partially cloudy",Partly cloudy throughout the day with morning rain.,rain,"13272099999,LYBE,13272599999,13183099999,13274099999,LYVR,LYBT"
belgrade,2023-12-23,6.6,2.7,4.3,4.7,-0.4,1.8,1.1,79.7,2.984,100,4.17,rain,0,0,37.1,21.8,247.8,1005.3,90.1,12.2,,,,,2023-12-23T07:13:29,2023-12-23T16:00:44,0.37,"Rain, Overcast",Cloudy skies throughout the day with afternoon rain.,rain,"13272099999,LYBE,13272599999,13183099999,13274099999,LYVR,LYBT"
belgrade,2023-12-24,11.6,3.3,7.2,11.6,1.5,6.3,3.2,76.3,0,0,0,,0,0,18.4,13.4,176.7,1012.3,59.9,12.4,,,,,2023-12-24T07:13:55,2023-12-24T16:01:19,0.41,Partially cloudy,Partly cloudy throughout the day.,partly-cloudy-day,"13272099999,13269099999,LYBE,13272599999,13183099999,13274099999,LYVR,LYBT,13168099999"
belgrade,2023-12-25,18.3,5.3,10.6,18.3,3.5,10.1,3.1,61.9,0,0,0,,0,0,10.4,11.6,192.5,1014.2,16.3,11.2,,,,,2023-12-25T07:14:19,2023-12-25T16:01:56,0.44,Clear,Clear conditions throughout the day.,clear-day,"13272099999,LYBE,13272599999,13183099999,13274099999,LYVR,LYBT"
belgrade,2023-12-26,15,3.3,8.7,15,1.2,8.2,4.8,77.6,0,0,0,,0,0,10.8,10.1,266.3,1017.8,7,10.1,,,,,2023-12-26T07:14:40,2023-12-26T16:02:35,0.48,Clear,Clear conditions throughout the day.,clear-day,"13272099999,LYBE,13272599999,13183099999,13180099999,13274099999,LYVR,LYBT"
belgrade,2023-12-27,12.7,4.4,7.8,12.7,2.7,7.1,3.6,76.6,0,0,0,,0,0,15.5,10.5,133.6,1025.9,34.2,10.1,,,,,2023-12-27T07:14:58,2023-12-27T16:03:17,0.5,Partially cloudy,Partly cloudy throughout the day.,partly-cloudy-day,"13272099999,LYBE,13272599999,13183099999,13279099999,13274099999,LYVR,LYBT"
belgrade,2023-12-28,12.1,0.4,6.3,12.1,-0.4,5.6,2.8,79.4,0,0,0,,0,0,21.6,14.2,157.1,1024.5,4.8,10,,,,,2023-12-28T07:15:14,2023-12-28T16:04:00,0.55,Clear,Clear conditions throughout the day.,clear-day,"13272099999,LYBE,13272599999,13183099999,13274099999,LYVR,LYBT,13168099999"
belgrade,2023-12-29,15.3,1.1,8,15.3,-0.8,7.5,3.8,76.8,0,0,0,,0,0,18,11.3,191.7,1022.2,37,9.2,,,,,2023-12-29T07:15:27,2023-12-29T16:04:46,0.58,Partially cloudy,Becoming cloudy in the afternoon.,partly-cloudy-day,"13272099999,LYBE,13272599999,13183099999,13180099999,13274099999,LYVR,LYBT"
belgrade,2023-12-30,14.1,5.2,9.8,14.1,3.8,9.5,5.3,74.5,0,0,0,,0,0,13,11.2,232.5,1020.4,46.5,10.7,,,,,2023-12-30T07:15:38,2023-12-30T16:05:34,0.61,Partially cloudy,Partly cloudy throughout the day.,partly-cloudy-day,"13272099999,LYBE,13272599999,13183099999,13274099999,LYVR,LYBT"
belgrade,2023-12-31,16,1.1,8,16,-0.3,7.3,3.6,76.4,0,0,0,,0,0,20.5,15,135.3,1017.8,18.9,11.2,,,,,2023-12-31T07:15:46,2023-12-31T16:06:25,0.64,Clear,Clear conditions throughout the day.,clear-day,"13272099999,LYBE,13272599999,13183099999,13274099999,LYVR,LYBT"
belgrade,2024-01-01,14,4.2,7.7,14,2.7,6.3,3.9,77.5,0.304,100,4.17,rain,0,0,44.6,30.1,193.7,1013.9,60.6,12.5,,,,,2024-01-01T07:15:52,2024-01-01T16:07:17,0.68,"Rain, Partially cloudy",Partly cloudy throughout the day with late afternoon rain.,rain,"13272099999,LYBE,13272599999,13183099999,13274099999,LYVR,LYBT"
belgrade,2024-01-02,13.1,1.7,6.5,13.1,-0.4,5.3,1.9,75.2,0,0,0,,0,0,27.7,15,157,1014.7,38.6,11.8,,,,,2024-01-02T07:15:55,2024-01-02T16:08:11,0.71,Partially cloudy,Becoming cloudy in the afternoon.,partly-cloudy-day,"13272099999,LYBE,13272599999,13183099999,13274099999,LYBT"
belgrade,2024-01-03,11,6.6,9.4,11,4.3,8.3,5.6,78.1,3.084,100,8.33,rain,0,0,46.8,16.6,163.7,1008.5,63.7,13.4,,,,,2024-01-03T07:15:55,2024-01-03T16:09:07,0.74,"Rain, Partially cloudy",Partly cloudy throughout the day with rain in the morning and afternoon.,rain,"13272099999,LYBE,13272599999,13183099999,13274099999,LYBT"
belgrade,2024-01-04,13,6.9,9.8,13,4.9,9,6,77.5,1.986,100,4.17,rain,0,0,64.8,14.9,196.9,1006.7,51.1,11.9,,,,,2024-01-04T07:15:53,2024-01-04T16:10:05,0.75,"Rain, Partially cloudy",Partly cloudy throughout the day with afternoon rain.,rain,"13272099999,LYBE,13272599999,13183099999,13274099999,LYBT"
belgrade,2024-01-05,14.8,3.2,8.8,14.8,1.4,8.2,3.8,72.4,0,0,0,,0,0,39.6,20.1,134.9,1012.1,52.9,13.1,,,,,2024-01-05T07:15:48,2024-01-05T16:11:05,0.8,Partially cloudy,Partly cloudy throughout the day.,partly-cloudy-day,"13272099999,LYBE,13272599999,13183099999,13274099999,LYBT"
belgrade,2024-01-06,13.1,9.8,11.9,13.1,7.2,11.8,4.4,60.4,0.003,100,4.17,rain,0,0,50.4,23.5,131.7,1004.5,93.8,14.3,,,,,2024-01-06T07:15:41,2024-01-06T16:12:07,0.84,"Rain, Overcast",Cloudy skies throughout the day with early morning rain.,rain,"13272099999,LYBE,13272599999,13183099999,13274099999,LYVR,LYBT"
belgrade,2024-01-07,10.6,3,8.4,10.6,-2.1,6.4,4.1,75.3,1.971,100,8.33,rain,0,0,32,25.5,37,999.3,83.9,13.1,,,,,2024-01-07T07:15:31,2024-01-07T16:13:10,0.87,"Rain, Partially cloudy",Partly cloudy throughout the day with rain.,rain,"13272099999,LYBE,13272599999,13183099999,13274099999,LYVR,LYBT,13168099999"
belgrade,2024-01-08,2.3,-3,-0.7,-0.3,-7.2,-4.6,-1.3,96,3.591,100,12.5,"rain,snow",1.2,1,36.4,21.4,294.6,1014.1,95.1,5.1,,,,,2024-01-08T07:15:19,2024-01-08T16:14:15,0.9,"Snow, Rain, Overcast",Cloudy skies throughout the day with a chance of rain or snow throughout the day.,snow,"13272099999,LYBE,13272599999,13183099999,13274099999,LYVR,LYBT,13168099999"
belgrade,2024-01-09,-2,-6,-3.5,-2.3,-9.5,-5.4,-4.4,93.3,5.57,100,12.5,snow,0.9,6.9,28.1,11,350.7,1028.6,73.3,6.2,,,,,2024-01-09T07:15:03,2024-01-09T16:15:21,0.93,"Snow, Partially cloudy",Partly cloudy throughout the day with a chance of snow throughout the day.,snow,"13272099999,LYBE,13272599999,13183099999,13274099999,LYVR,LYBT,13168099999"
belgrade,2024-01-10,0.5,-8,-4.9,-1.9,-12.1,-7.7,-7,85.4,0,0,0,,0,6.7,28.4,11.3,47.8,1033.2,59.7,8.4,,,,,2024-01-10T07:14:46,2024-01-10T16:16:29,0.97,Partially cloudy,Partly cloudy throughout the day.,partly-cloudy-day,"13272099999,LYBE,13272599999,13183099999,13180099999,13274099999,LYVR,LYBT"
belgrade,2024-01-11,-5.2,-10.2,-7.1,-5.5,-13.4,-8.7,-8.1,93,0,0,0,,0,5.7,9.4,7.1,246.3,1028.2,96.3,0.7,,,,,2024-01-11T07:14:26,2024-01-11T16:17:38,0,Overcast,Cloudy skies throughout the day.,fog,"13272099999,LYBE,13272599999,13183099999,13274099999,LYVR,LYBT"
belgrade,2024-01-12,-1.2,-6.3,-3.3,-3.8,-10.2,-7.1,-4.3,93.2,0,0,0,,0,5.2,23,14.2,261.9,1025.2,51.3,6.9,,,,,2024-01-12T07:14:03,2024-01-12T16:18:49,0.03,Partially cloudy,Partly cloudy throughout the day.,partly-cloudy-day,"13272099999,LYBE,13272599999,13183099999,13180099999,13274099999,LYVR,LYBT"
belgrade,2024-01-13,1,-4.2,-1.8,1,-8.8,-5,-3.8,86.5,49.253,100,4.17,snow,0,4.4,35.3,15.5,221.1,1023,56.4,8.1,,,,,2024-01-13T07:13:38,2024-01-13T16:20:01,0.07,"Snow, Partially cloudy",Partly cloudy throughout the day with morning snow.,rain,"13272099999,LYBE,13272599999,13183099999,13274099999,LYVR,LYBT"
belgrade,2024-01-14,6,-7.7,-1,6,-11.4,-2.5,-5.2,74.6,0,0,0,,0,3.5,54,10.7,154.3,1012.9,21.7,10,,,,,2024-01-14T07:13:10,2024-01-14T16:21:14,0.1,Partially cloudy,Partly cloudy throughout the day.,partly-cloudy-day,"13272099999,LYBE,13272599999,13183099999,13274099999,LYVR,LYBT,13168099999"
belgrade,2024-01-15,9.7,0,3.4,9.7,-4.6,0.5,0,79.3,2.984,100,4.17,"rain,snow",0.2,1.9,54,27.4,79.6,1003.8,66,11.1,,,,,2024-01-15T07:12:40,2024-01-15T16:22:29,0.14,"Snow, Rain, Partially cloudy",Partly cloudy throughout the day with late afternoon rain or snow.,snow,"13272099999,LYBE,13272599999,13183099999,13279099999,13274099999,LYVR,LYBT"
belgrade,2024-01-16,6.5,0,1.9,6.5,-4.3,-0.3,-1.8,78.9,2.999,100,4.17,"rain,snow",0.7,1.5,24.8,14.6,181.1,1013.1,46.1,10.6,,,,,2024-01-16T07:12:07,2024-01-16T16:23:44,0.17,"Snow, Rain, Partially cloudy",Partly cloudy throughout the day with early morning snow or rain.,snow,"13272099999,LYBE,13272599999,13183099999,13180099999,13274099999,LYVR,LYBT"
belgrade,2024-01-17,10.6,-1.9,5.3,10.6,-5.1,2.8,0.9,74.2,0,0,0,,0,0.3,76,26.7,125.2,1008.4,66.3,13.3,,,,,2024-01-17T07:11:32,2024-01-17T16:25:01,0.21,Partially cloudy,Partly cloudy throughout the day.,partly-cloudy-day,"13272099999,LYBE,13272599999,13183099999,13274099999,LYVR,LYBT"
belgrade,2024-01-18,18.5,9.1,13.6,18.5,6,13.2,7.5,67.6,2.984,100,4.17,rain,0,0,76,22.6,161.3,998.6,66.4,14.4,,,,,2024-01-18T07:10:55,2024-01-18T16:26:19,0.25,"Rain, Partially cloudy",Partly cloudy throughout the day with early morning rain.,rain,"13272099999,LYBE,13272599999,13183099999,13180099999,13274099999,LYVR,LYBT"
belgrade,2024-01-19,13.5,-0.4,4.8,13.5,-5.5,1.8,2.9,88.7,1.019,100,8.33,"rain,snow",1.2,0.2,43.2,30.3,299.7,1010.3,85.6,7.9,,,,,2024-01-19T07:10:15,2024-01-19T16:27:37,0.28,"Snow, Rain, Partially cloudy",Partly cloudy throughout the day with rain or snow in the morning and afternoon.,snow,"13272099999,LYBE,13272599999,13183099999,13266099999,13274099999,LYVR,LYBT"
belgrade,2024-01-20,2.3,-3.4,-1,0.1,-7.6,-4,-2.6,89.1,8.629,100,8.33,"rain,snow",0,5.8,28.1,15.7,284.9,1028.7,51.7,9.2,,,,,2024-01-20T07:09:33,2024-01-20T16:28:56,0.31,"Snow, Rain, Partially cloudy",Partly cloudy throughout the day with rain or snow clearing later.,rain,"13272099999,LYBE,13272599999,13183099999,13274099999,LYVR,LYBT,13168099999"
belgrade,2024-01-21,1.8,-6.3,-2.5,1.5,-9.3,-4.6,-4.6,86.3,0,0,0,,0,5.5,18.7,12.3,222.2,1035.9,1.1,8.5,,,,,2024-01-21T07:08:49,2024-01-21T16:30:17,0.35,Clear,Clear conditions throughout the day.,clear-day,"13272099999,LYBE,13272599999,13183099999,13180099999,13274099999,LYVR,LYBT"
belgrade,2024-01-22,5.1,-6.6,-0.5,2.5,-10.5,-3.7,-4.6,75.7,0,0,0,,0,4.4,63,21.6,129.6,1032.3,6.6,10.6,,,,,2024-01-22T07:08:02,2024-01-22T16:31:37,0.38,Clear,Clear conditions throughout the day.,clear-day,"13272099999,LYBE,13272599999,13183099999,13180099999,13274099999,LYVR,LYBT"
belgrade,2024-01-23,3.6,-4.5,0.3,1.7,-7.4,-2,-1.6,87.6,11.851,100,8.33,"rain,snow",0,2.8,50.4,17.5,209.7,1028,61.1,7.4,,,,,2024-01-23T07:07:14,2024-01-23T16:32:59,0.42,"Snow, Rain, Partially cloudy",Partly cloudy throughout the day with rain or snow in the morning and afternoon.,rain,"13272099999,LYBE,13272599999,13183099999,13274099999,LYVR,LYBT,13168099999"
belgrade,2024-01-24,7.6,-1.6,3.4,7.6,-4.7,1.6,0.2,80.8,0,0,0,,0,1,17.3,11.9,173.8,1027.8,33.5,9.7,,,,,2024-01-24T07:06:23,2024-01-24T16:34:21,0.45,Partially cloudy,Partly cloudy throughout the day.,partly-cloudy-day,"13272099999,LYBE,13272599999,13183099999,13279099999,13274099999,LYVR,LYBT"
belgrade,2024-01-25,11.3,3,6.9,11.3,-0.5,5.1,2.2,72.8,0.801,100,8.33,rain,0,0,53.6,24.8,273.9,1023.4,66.5,12,,,,,2024-01-25T07:05:30,2024-01-25T16:35:44,0.5,"Rain, Partially cloudy",Partly cloudy throughout the day with rain.,rain,"13272099999,LYBE,13272599999,13183099999,13274099999,LYVR,LYBT"
belgrade,2024-01-26,9,3,5.6,7.3,-1.9,3.2,0.3,69,0,0,0,,0,0,44.6,27.3,278.9,1025.4,27.4,13.4,,,,,2024-01-26T07:04:34,2024-01-26T16:37:07,0.52,Partially cloudy,Partly cloudy throughout the day.,partly-cloudy-day,"13272099999,LYBE,13272599999,13183099999,13274099999,LYVR,LYBT"
belgrade,2024-01-27,8.3,3.7,5.7,5.6,-0.4,2.4,0.5,70.3,0.895,100,4.17,rain,0,0,63,44.4,308,1028,71.3,14.3,,,,,2024-01-27T07:03:37,2024-01-27T16:38:31,0.56,"Rain, Partially cloudy",Partly cloudy throughout the day with morning rain.,rain,"13272099999,LYBE,13272599999,13183099999,13180099999,13274099999,LYVR,LYBT"
belgrade,2024-01-28,6.3,0.3,2.9,5,-3.8,0.2,-0.1,80.4,0,0,0,,0,0,26.3,18.9,285.8,1036,57.4,11.8,,,,,2024-01-28T07:02:38,2024-01-28T16:39:55,0.59,Partially cloudy,Partly cloudy throughout the day.,partly-cloudy-day,"13272099999,LYBE,13272599999,13183099999,13274099999,LYVR,LYBT,13168099999"
belgrade,2024-01-29,6.3,-2.6,1.8,6.3,-4.4,1.1,-1.2,81.8,0,0,0,,0,0,13.7,10.5,335,1039.2,27,10.5,,,,,2024-01-29T07:01:36,2024-01-29T16:41:19,0.62,Partially cloudy,Clearing in the afternoon.,partly-cloudy-day,"13272099999,13269099999,LYBE,13272599999,13183099999,13274099999,LYVR,LYBT"
belgrade,2024-01-30,7,-3.4,1.9,5.3,-6.6,-0.2,-3.1,72.8,0,0,0,,0,0,43.2,16.4,114.7,1039.7,0,9.4,,,,,2024-01-30T07:00:33,2024-01-30T16:42:44,0.65,Clear,Clear conditions throughout the day.,clear-day,"13272099999,13269099999,LYBE,13272599999,13183099999,13180099999,13274099999,LYVR,LYBT"
belgrade,2024-01-31,7,-4.3,1.2,7,-5.3,0.4,-3.1,74.3,0,0,0,,0,0,11.2,12.2,22,1035,3.8,9.6,,,,,2024-01-31T06:59:28,2024-01-31T16:44:09,0.69,Clear,Clear conditions throughout the day.,clear-day,"13272099999,LYBE,13272599999,13183099999,13274099999,LYVR,LYBT"
belgrade,2024-02-01,8.8,-3.6,3.1,8.8,-6.3,2.4,-1.8,73.4,0,0,0,,0,0,14,11.5,238,1028.3,39.8,7.9,,,,,2024-02-01T06:58:21,2024-02-01T16:45:35,0.72,Partially cloudy,Becoming cloudy in the afternoon.,partly-cloudy-day,"13272099999,LYBE,13272599999,13183099999,13180099999,13274099999,LYVR,LYBT"
belgrade,2024-02-02,8,2,4.6,8,-2.3,1.9,0.7,77.1,0.792,100,4.17,rain,0,0,34.2,24.8,284.7,1028.5,57.2,10.8,,,,,2024-02-02T06:57:12,2024-02-02T16:47:00,0.75,"Rain, Partially cloudy",Partly cloudy throughout the day with early morning rain.,rain,"13272099999,LYBE,13272599999,13183099999,13180099999,13274099999,LYVR,LYBT,13168099999"
belgrade,2024-02-03,14,1.5,7.5,14,-1.1,6.3,0.8,63.6,0,0,0,,0,0,36,24,253.8,1024.2,71.6,14.5,,,,,2024-02-03T06:56:01,2024-02-03T16:48:26,0.75,Partially cloudy,Partly cloudy throughout the day.,partly-cloudy-day,"13272099999,LYBE,13272599999,13183099999,13180099999,13274099999,LYVR,LYBT"
belgrade,2024-02-04,16,5.5,10.1,16,3,9.5,3.7,65.6,0,0,0,,0,0,33.5,24.5,258.6,1021.9,74.6,13.7,,,,,2024-02-04T06:54:49,2024-02-04T16:49:52,0.82,Partially cloudy,Partly cloudy throughout the day.,partly-cloudy-day,"13272099999,13269099999,LYBE,13272599999,13183099999,13274099999,LYVR,LYBT,13168099999"
belgrade,2024-02-05,16.9,5.5,10.5,16.9,4.5,9.9,3.3,63.1,0,0,0,,0,0,25.6,20.3,247.1,1018.7,41.2,13.3,,,,,2024-02-05T06:53:34,2024-02-05T16:51:17,0.85,Partially cloudy,Partly cloudy throughout the day.,partly-cloudy-day,"13272099999,LYBE,13272599999,13183099999,13274099999,LYVR,LYBT"
belgrade,2024-02-06,17.3,5.3,11.1,17.3,3.2,10.5,2.2,55.6,0,0,0,,0,0,20.5,17.6,234.5,1018,11.7,13.3,,,,,2024-02-06T06:52:18,2024-02-06T16:52:43,0.88,Clear,Clear conditions throughout the day.,clear-day,"13272099999,LYBE,13272599999,13183099999,13274099999,LYVR,LYBT"
belgrade,2024-02-07,16.2,2.4,10.7,16.2,2.4,10.5,3.5,62.9,0,0,0,,0,0,21.6,13.1,209.3,1013,44.9,13.9,,,,,2024-02-07T06:51:01,2024-02-07T16:54:09,0.92,Partially cloudy,Partly cloudy throughout the day.,partly-cloudy-day,"13272099999,LYBE,13272599999,13183099999,13279099999,13274099999,LYVR,LYBT"
belgrade,2024-02-08,18,9.4,12.5,18,7.8,12.2,3.8,56.3,0,0,0,,0,0,24.8,12.5,197.9,1008.3,57.5,13.3,,,,,2024-02-08T06:49:42,2024-02-08T16:55:35,0.95,Partially cloudy,Partly cloudy throughout the day.,partly-cloudy-day,"13272099999,LYBE,13272599999,13183099999,13274099999,LYVR,LYBT"
belgrade,2024-02-09,18.1,5.3,12.8,18.1,2.4,12.3,3,52.9,0,0,0,,0,0,46.8,19.6,169.6,1005.6,43,15.3,,,,,2024-02-09T06:48:21,2024-02-09T16:57:01,0,Partially cloudy,Partly cloudy throughout the day.,partly-cloudy-day,"13272099999,LYBE,13272599999,13183099999,13274099999,LYVR,LYBT"
belgrade,2024-02-10,19.7,12,15.5,19.7,12,15.5,3.7,45.8,0.001,100,4.17,rain,0,0,44.6,24.1,156.9,1001.9,82.4,14.1,,,,,2024-02-10T06:46:59,2024-02-10T16:58:26,0.02,"Rain, Partially cloudy",Partly cloudy throughout the day with late afternoon rain.,rain,"13272099999,LYBE,13272599999,13183099999,13180099999,13274099999,LYVR,LYBT"
belgrade,2024-02-11,18.7,10.5,15.7,18.7,10.5,15.7,3.5,44.7,0.003,100,4.17,rain,0,0,90.7,39.7,146.7,996.9,81.6,16.1,,,,,2024-02-11T06:45:35,2024-02-11T16:59:52,0.05,"Rain, Partially cloudy",Partly cloudy throughout the day with early morning rain.,rain,"13272099999,LYBE,13272599999,13183099999,13274099999,LYVR,LYBT"
belgrade,2024-02-12,11.8,7,9.9,11.8,4.3,8.9,6.5,80.6,0.508,100,8.33,rain,0,0,31,19.9,250.9,1003,72,12.4,,,,,2024-02-12T06:44:10,2024-02-12T17:01:17,0.09,"Rain, Partially cloudy",Partly cloudy throughout the day with rain in the morning and afternoon.,rain,"13272099999,LYBE,13272599999,13183099999,13274099999,LYVR,LYBT"
belgrade,2024-02-13,11.3,6,8.4,11.3,2,6.1,5,79.9,0.1,100,8.33,rain,0,0,42.8,28.1,299.5,1013.3,74.4,12.8,,,,,2024-02-13T06:42:44,2024-02-13T17:02:43,0.12,"Rain, Partially cloudy",Partly cloudy throughout the day with rain.,rain,"13272099999,LYBE,13272599999,13183099999,13274099999,LYVR,LYBT"
belgrade,2024-02-14,10,1.8,6.4,10,0.4,4.8,0.6,67.4,0.197,100,4.17,rain,0,0,32,18.9,321,1023.3,46.3,13.9,,,,,2024-02-14T06:41:16,2024-02-14T17:04:08,0.15,"Rain, Partially cloudy",Partly cloudy throughout the day with early morning rain.,rain,"13272099999,LYBE,13272599999,13183099999,13274099999,LYVR,LYBT"
belgrade,2024-02-15,13,0.1,6,13,-2.5,5.3,0.4,69.2,0,0,0,,0,0,20.9,11.7,223.1,1024.9,7.4,13.2,,,,,2024-02-15T06:39:46,2024-02-15T17:05:33,0.19,Clear,Clear conditions throughout the day.,clear-day,"13272099999,LYBE,13272599999,13183099999,13180099999,13274099999,LYVR,LYBT"
belgrade,2024-02-16,14.1,0.5,7.7,14.1,0.5,7.1,-0.2,61.3,0.003,100,4.17,rain,0,0,22.3,12.5,93.5,1023.7,0,13.8,,,,,2024-02-16T06:38:16,2024-02-16T17:06:57,0.25,Rain,Clear conditions throughout the day with morning rain.,rain,"13272099999,LYBE,13272599999,13183099999,13274099999,LYVR,LYBT"
belgrade,2024-02-17,15.3,3.3,9.2,15.3,1.1,8.2,0.4,55.8,0,0,0,,0,0,54,14.7,97.6,1026.1,15,13.7,,,,,2024-02-17T06:36:44,2024-02-17T17:08:22,0.26,Clear,Clear conditions throughout the day.,clear-day,"13272099999,LYBE,13272599999,13183099999,13180099999,13266099999,13274099999,LYVR,LYBT"
belgrade,2024-02-18,12.4,4.1,8.5,12.4,2.9,7.6,4.3,76,0,0,0,,0,0,27.7,19.6,288.6,1030.9,55.6,11.5,,,,,2024-02-18T06:35:11,2024-02-18T17:09:46,0.29,Partially cloudy,Partly cloudy throughout the day.,partly-cloudy-day,"13272099999,LYBE,13272599999,13183099999,13274099999,LYVR,LYBT"
belgrade,2024-02-19,13.3,0,7.3,13.3,-2.1,6.7,2,72.4,0,0,0,,0,0,16.2,9.6,97.4,1025.4,30.3,10,,,,,2024-02-19T06:33:37,2024-02-19T17:11:10,0.33,Partially cloudy,Partly cloudy throughout the day.,partly-cloudy-day,"13272099999,LYBE,13272599999,13183099999,13279099999,13274099999,LYVR,LYBT"
belgrade,2024-02-20,12,6,8.4,12,3.7,7.7,4.8,79.4,0.409,100,4.17,rain,0,0,24.5,17.2,261.4,1024.7,69.9,9.1,,,,,2024-02-20T06:32:02,2024-02-20T17:12:34,0.36,"Rain, Partially cloudy",Partly cloudy throughout the day with morning rain.,rain,"13272099999,LYBE,13272599999,13183099999,13274099999,LYVR,LYBT,13168099999"
belgrade,2024-02-21,11.1,3.1,7.8,11.1,0.4,6.8,3.8,76.8,0.201,100,8.33,rain,0,0,35.6,13.7,252.2,1024.5,60.6,11.8,,,,,2024-02-21T06:30:26,2024-02-21T17:13:57,0.39,"Rain, Partially cloudy",Partly cloudy throughout the day with rain.,rain,"13272099999,LYBE,13272599999,13183099999,13274099999,LYVR,LYBT"
belgrade,2024-02-22,16,1,9.4,16,-1.8,8.6,1.3,60.3,0,0,0,,0,0,54,19.4,158.8,1014.9,62.4,15.2,,,,,2024-02-22T06:28:49,2024-02-22T17:15:21,0.43,Partially cloudy,Partly cloudy throughout the day.,partly-cloudy-day,"13272099999,LYBE,13272599999,13183099999,13279099999,13180099999,13266099999,13274099999,LYVR,LYBT"
belgrade,2024-02-23,18,10.3,14,18,10.3,14,1.6,43.5,0,0,0,,0,0,57.6,26.1,159.5,1007.6,77.7,16.5,,,,,2024-02-23T06:27:10,2024-02-23T17:16:44,0.46,Partially cloudy,Partly cloudy throughout the day.,partly-cloudy-day,"13272099999,LYBE,13272599999,13183099999,13274099999,LYVR,LYBT"
belgrade,2024-02-24,15.7,9.8,13.8,15.7,8,13.7,5.8,59.6,0.198,100,8.33,rain,0,0,66.6,26.4,132.1,1009.5,80.4,15.7,,,,,2024-02-24T06:25:31,2024-02-24T17:18:06,0.5,"Rain, Partially cloudy",Partly cloudy throughout the day with rain.,rain,"13272099999,LYBE,13272599999,13183099999,13274099999,LYVR,LYBT"
belgrade,2024-02-25,18.8,7.6,12.7,18.8,6.1,12.5,7.2,72.1,0.307,100,12.5,rain,0,0,64.8,19.1,130.9,1011.2,63,12.9,,,,,2024-02-25T06:23:51,2024-02-25T17:19:29,0.53,"Rain, Partially cloudy",Partly cloudy throughout the day with rain.,rain,"13272099999,LYBE,13272599999,13183099999,13180099999,13274099999,LYVR,LYBT"
belgrade,2024-02-26,20,5.6,13.7,20,4.1,13.6,6.1,63.2,0,0,0,,0,0,83.5,26.4,126.7,1008.3,23.5,14.4,,,,,2024-02-26T06:22:10,2024-02-26T17:20:51,0.57,Partially cloudy,Partly cloudy throughout the day.,partly-cloudy-day,"13272099999,LYBE,13272599999,13183099999,13274099999,LYVR,LYBT"
belgrade,2024-02-27,19.7,10.2,14.1,19.7,10.2,14.1,5.7,57.8,0,0,0,,0,0,76,31.4,126.3,1013.2,56.5,14.5,,,,,2024-02-27T06:20:28,2024-02-27T17:22:13,0.6,Partially cloudy,Partly cloudy throughout the day.,partly-cloudy-day,"13272099999,LYBE,13272599999,13183099999,13180099999,13274099999,LYVR,LYBT"
belgrade,2024-02-28,19,10.7,14.1,19,10.7,14.1,5.4,56.7,0,0,0,,0,0,72.4,23.1,117.8,1017.5,88.5,12.1,,,,,2024-02-28T06:18:45,2024-02-28T17:23:34,0.63,Partially cloudy,Partly cloudy throughout the day.,partly-cloudy-day,"13272099999,LYBE,13272599999,13183099999,13279099999,13274099999,LYVR,LYBT"
belgrade,2024-02-29,16.7,9.8,12.5,16.7,7.6,12.4,5.6,63.5,0,0,0,,0,0,57.6,27.3,113.9,1016.6,83.7,12.2,,,,,2024-02-29T06:17:02,2024-02-29T17:24:55,0.67,Partially cloudy,Partly cloudy throughout the day.,partly-cloudy-day,"13272099999,13269099999,LYBE,13272599999,13183099999,13180099999,13274099999,LYVR,LYBT"
belgrade,2024-03-01,18.6,8.7,12.6,18.6,5.7,12.2,5.7,64.8,0,0,0,,0,0,79.6,35.2,119.7,1009.4,60.3,12.3,,,,,2024-03-01T06:15:18,2024-03-01T17:26:16,0.7,Partially cloudy,Partly cloudy throughout the day.,partly-cloudy-day,"13272099999,LYBE,13272599999,13183099999,13180099999,13274099999,LYVR,LYBT"
belgrade,2024-03-02,16.4,7.8,11.1,16.4,6.2,9.7,6.1,72.1,0,0,0,,0,0,72.4,27.7,122.5,1010.6,57.3,15.3,,,,,2024-03-02T06:13:33,2024-03-02T17:27:37,0.73,Partially cloudy,Partly cloudy throughout the day.,partly-cloudy-day,"13272099999,LYBE,13272599999,13183099999,13180099999,13274099999,LYVR,LYBT"
belgrade,2024-03-03,19,5.5,11.9,19,3.3,11.2,4.9,64.7,0,0,0,,0,0,22.7,17.8,125.1,1010.9,29.4,14.1,,,,,2024-03-03T06:11:47,2024-03-03T17:28:57,0.75,Partially cloudy,Partly cloudy throughout the day.,partly-cloudy-day,"13272099999,LYBE,13272599999,13183099999,13274099999,LYVR,LYBT"
belgrade,2024-03-04,17.1,6.1,11.8,17.1,3,11,5.2,65.8,0,0,0,,0,0,72,24.6,122.6,1008.7,48.2,13.3,,,,,2024-03-04T06:10:01,2024-03-04T17:30:17,0.8,Partially cloudy,Partly cloudy throughout the day.,partly-cloudy-day,"13272099999,LYBE,13272599999,13183099999,13180099999,13274099999,LYVR,LYBT"
belgrade,2024-03-05,17,6.2,12.6,17,4.5,12.3,5.1,61.7,0.493,100,4.17,rain,0,0,42.5,16.2,114.3,1010.3,49,12.5,,,,,2024-03-05T06:08:14,2024-03-05T17:31:37,0.83,"Rain, Partially cloudy",Partly cloudy throughout the day with morning rain.,rain,"13272099999,LYBE,13272599999,13183099999,13180099999,13274099999,LYVR,LYBT"
belgrade,2024-03-06,14.9,8.3,11.1,14.9,6,10.7,7.6,79.4,1.995,100,8.33,rain,0,0,19.8,20.6,150.2,1014.8,52.6,11.6,,,,,2024-03-06T06:06:27,2024-03-06T17:32:57,0.87,"Rain, Partially cloudy",Partly cloudy throughout the day with rain.,rain,"13272099999,LYBE,13272599999,13183099999,13266099999,13274099999,LYVR,LYBT"
belgrade,2024-03-07,8.1,5.7,6.8,7,2.3,4.2,5.2,89.5,3.982,100,8.33,rain,0,0,72,20,126.4,1015.6,88.9,11.1,,,,,2024-03-07T06:04:39,2024-03-07T17:34:16,0.9,"Rain, Partially cloudy",Partly cloudy throughout the day with rain in the morning and afternoon.,rain,"13272099999,LYBE,13272599999,13183099999,13274099999,LYVR,LYBT"
belgrade,2024-03-08,10.1,3.3,6.4,10.1,-0.1,4.1,3.6,82.5,0.46,100,12.5,rain,0,0,57.6,16.7,130.3,1019.6,68.1,10.4,,,,,2024-03-08T06:02:50,2024-03-08T17:35:35,0.94,"Rain, Partially cloudy",Partly cloudy throughout the day with rain.,rain,"13272099999,13269099999,LYBE,13272599999,13183099999,13180099999,13274099999,LYVR,LYBT"
belgrade,2024-03-09,15.7,2.3,8.4,15.7,-0.9,6.5,2.8,69.9,0,0,0,,0,0,66.6,23.5,116,1015.8,46.1,12.5,,,,,2024-03-09T06:01:01,2024-03-09T17:36:54,0.97,Partially cloudy,Partly cloudy throughout the day.,partly-cloudy-day,"13272099999,LYBE,13272599999,13183099999,13274099999,LYVR,LYBT"
belgrade,2024-03-10,20.6,8.2,14.4,20.6,5.3,13.6,5.8,58.2,0.201,100,4.17,rain,0,0,70.6,25.7,144.8,1011,73.2,14.1,,,,,2024-03-10T05:59:12,2024-03-10T17:38:12,0,"Rain, Partially cloudy",Partly cloudy throughout the day with early morning rain.,rain,"13272099999,13269099999,LYBE,13272599999,13183099999,13274099999,LYVR,LYBT"
belgrade,2024-03-11,17.8,8.1,13.9,17.8,5.7,13.8,6.5,62.1,0.11,100,4.17,rain,0,0,79.2,40.9,139.3,1006.7,76.4,13.3,,,,,2024-03-11T05:57:22,2024-03-11T17:39:31,0.04,"Rain, Partially cloudy",Partly cloudy throughout the day with late afternoon rain.,rain,"13272099999,LYBE,13272599999,13183099999,13180099999,13274099999,LYVR,LYBT"
belgrade,2024-03-12,15.1,4.3,10.2,15.1,3.8,9.4,5.3,73.1,0,0,0,,0,0,61.2,24.5,275.2,1009.8,60.8,12.5,,,,,2024-03-12T05:55:32,2024-03-12T17:40:49,0.07,Partially cloudy,Partly cloudy throughout the day.,partly-cloudy-day,"13272099999,13173099999,LYBE,13272599999,13183099999,13180099999,13274099999,LYVR,LYBT"
belgrade,2024-03-13,11,7.7,9.2,11,4.7,7.6,7.2,87.6,0.413,100,16.67,rain,0,0,34.9,26.8,276.6,1013.8,95.8,10.1,,,,,2024-03-13T05:53:42,2024-03-13T17:42:06,0.1,"Rain, Overcast",Cloudy skies throughout the day with a chance of rain throughout the day.,rain,"13272099999,LYBE,13272599999,13183099999,13180099999,13274099999,LYVR,LYBT"
belgrade,2024-03-14,12.9,8,10,12.9,5.4,9.2,5.6,75.1,0.101,100,4.17,rain,0,0,26.6,21.2,325.8,1016.9,82.8,10.2,,,,,2024-03-14T05:51:51,2024-03-14T17:43:24,0.14,"Rain, Partially cloudy",Partly cloudy throughout the day with early morning rain.,rain,"13272099999,LYBE,13272599999,13183099999,13274099999,LYVR,LYBT"
belgrade,2024-03-15,16.2,8,11.8,16.2,7.4,11.6,3.6,59.4,0,0,0,,0,0,15.1,12.7,106.1,1016.6,58.6,11.6,,,,,2024-03-15T05:50:00,2024-03-15T17:44:42,0.17,Partially cloudy,Partly cloudy throughout the day.,partly-cloudy-day,"13272099999,LYBE,13272599999,13183099999,13274099999,LYVR,LYBT"
belgrade,2024-03-16,16.3,5.2,11.7,16.3,4.8,11.2,4.7,64.3,0,0,0,,0,0,24.1,14,100.5,1018.2,78.2,13.3,,,,,2024-03-16T05:48:09,2024-03-16T17:45:59,0.2,Partially cloudy,Partly cloudy throughout the day.,partly-cloudy-day,"13272099999,LYBE,13272599999,13183099999,13180099999,13274099999,LYVR,LYBT"
belgrade,2024-03-17,16,7.1,12.1,16,7.1,12,5.7,67.8,0.197,100,4.17,rain,0,0,46.4,26.4,307,1020.8,67.4,12.4,,,,,2024-03-17T05:46:17,2024-03-17T17:47:16,0.25,"Rain, Partially cloudy",Partly cloudy throughout the day with early morning rain.,rain,"13272099999,LYBE,13272599999,13183099999,13274099999,LYVR,LYBT"
belgrade,2024-03-18,14.3,6.1,10.2,14.3,5.3,10,2.4,59.6,0.199,100,8.33,rain,0,0,16.9,10.3,0.8,1016.5,75.9,15.3,,,,,2024-03-18T05:44:25,2024-03-18T17:48:33,0.27,"Rain, Partially cloudy",Partly cloudy throughout the day with rain in the morning and afternoon.,rain,"13272099999,LYBE,13272599999,13183099999,13274099999,LYVR,LYBT"
belgrade,2024-03-19,9.3,1.4,6.1,7.5,-2.3,3.7,-2.5,55.5,0,0,0,,0,0,45.1,25.4,351.4,1019.2,63.7,12.9,,,,,2024-03-19T05:42:34,2024-03-19T17:49:50,0.3,Partially cloudy,Partly cloudy throughout the day.,partly-cloudy-day,"13272099999,LYBE,13272599999,13183099999,13274099999,LYVR,LYBT"
belgrade,2024-03-20,13.3,-0.6,6.7,13.3,-3,6,-2.7,53.2,0,0,0,,0,0,23.8,11.7,266.1,1024,21.2,14,,,,,2024-03-20T05:40:42,2024-03-20T17:51:06,0.34,Partially cloudy,Partly cloudy throughout the day.,partly-cloudy-day,"13272099999,LYBE,13272599999,13183099999,13274099999,LYVR,LYBT"
belgrade,2024-03-21,17,0.8,10,17,0.8,9.9,-0.2,52.4,0,0,0,,0,0,23,13,294.2,1020.5,43.9,13,,,,,2024-03-21T05:38:50,2024-03-21T17:52:23,0.37,Partially cloudy,Becoming cloudy in the afternoon.,partly-cloudy-day,"13272099999,LYBE,13272599999,13183099999,13180099999,13274099999,LYVR,LYBT"
belgrade,2024-03-22,18,4.5,12,18,4.5,11.9,2.1,53.2,0,0,0,,0,0,18,8.9,267.3,1018.8,57.1,11.9,,,,,2024-03-22T05:36:58,2024-03-22T17:53:39,0.41,Partially cloudy,Partly cloudy throughout the day.,partly-cloudy-day,"13272099999,LYBE,13272599999,13183099999,13274099999,LYVR,LYBT"
belgrade,2024-03-23,22.5,6,15.2,22.5,4.1,14.9,3.1,47.7,0,0,0,,0,0,31.7,15.3,184.7,1011.1,19.2,11.4,,,,,2024-03-23T05:35:06,2024-03-23T17:54:55,0.44,Clear,Clear conditions throughout the day.,clear-day,"13272099999,LYBE,13272599999,13183099999,13180099999,13274099999,LYVR,LYBT,13168099999"
belgrade,2024-03-24,14.9,2.7,6.6,14.9,0.3,4.8,3.8,83.4,4.043,100,8.33,rain,0,0,40.7,27.5,291.1,1009.1,74.1,13.4,,,,,2024-03-24T05:33:14,2024-03-24T17:56:11,0.47,"Rain, Partially cloudy",Partly cloudy throughout the day with rain.,rain,"13272099999,13269099999,LYBE,13272599999,13183099999,13274099999,LYVR,LYBT"
belgrade,2024-03-25,13,1,7.1,13,-1.2,5.6,2.1,73.9,0.399,100,8.33,rain,0,0,64.8,22.3,245.7,1009.7,35.2,13.5,,,,,2024-03-25T05:31:22,2024-03-25T17:57:27,0.5,"Rain, Partially cloudy",Partly cloudy throughout the day with rain.,rain,"13272099999,LYBE,13272599999,13183099999,13274099999,LYVR,LYBT"
belgrade,2024-03-26,16.7,4.2,10.9,16.7,1.6,10.2,0.8,52.2,0.1,100,4.17,rain,0,0,88.9,42.2,131.4,1007.7,74.8,13.7,,,,,2024-03-26T05:29:30,2024-03-26T17:58:43,0.54,"Rain, Partially cloudy",Partly cloudy throughout the day with late afternoon rain.,rain,"13272099999,LYBE,13272599999,13183099999,13180099999,13274099999,LYVR,LYBT"
belgrade,2024-03-27,19.2,8.9,14.2,19.2,5,13.2,8.2,68.3,1.507,100,4.17,rain,0,0,100.1,43.2,132.9,1000.4,76,13,,,,,2024-03-27T05:27:38,2024-03-27T17:59:59,0.57,"Rain, Partially cloudy",Partly cloudy throughout the day with morning rain.,rain,"13272099999,13269099999,LYBE,13272599999,13183099999,13180099999,13274099999,LYVR,LYBT"
belgrade,2024-03-28,21,11.9,16.2,21,11.9,16.2,6.4,56.4,3.6,100,12.5,rain,0,0,88.9,44.3,186.3,1003.8,68,10,,,,,2024-03-28T05:25:46,2024-03-28T18:01:15,0.61,"Rain, Partially cloudy",Partly cloudy throughout the day with rain clearing later.,rain,"LYBE,LYVR,LYBT"
belgrade,2024-03-29,23,9,17.1,23,7.3,17,6.9,53,0,0,0,,0,0,25.6,20.6,134.3,1013.7,67,10,,,,,2024-03-29T05:23:55,2024-03-29T18:02:30,0.64,Partially cloudy,Partly cloudy throughout the day.,partly-cloudy-day,"LYBE,LYVR,LYBT"
belgrade,2024-03-30,28,10.2,20,26.8,10.2,19.8,6.1,44.6,0,0,0,,0,0,55.4,20.3,144.9,1011.4,45.9,10,,,,,2024-03-30T05:22:03,2024-03-30T18:03:46,0.68,Partially cloudy,Partly cloudy throughout the day.,partly-cloudy-day,"LYBE,LYVR,LYBT"
belgrade,2024-03-31,27.9,16.4,21.7,26.7,16.4,21.5,1.5,26.9,0,0,0,,0,0,50,25,158.4,1010,62.7,10,,,,,2024-03-31T06:20:12,2024-03-31T19:05:01,0.71,Partially cloudy,Partly cloudy throughout the day.,partly-cloudy-day,"LYBE,LYVR,LYBT"
belgrade,2024-04-01,28.3,14.5,22.2,27,14.5,22,3,29.6,0,0,0,,0,0,50.4,27.9,163.2,1007.8,60.5,10.2,,,,,2024-04-01T06:18:21,2024-04-01T19:06:17,0.75,Partially cloudy,Clearing in the afternoon.,partly-cloudy-day,"13272099999,LYBE,13272599999,13183099999,13274099999,LYVR,LYBT"
belgrade,2024-04-02,24,11,15.2,24,11,15.2,5.9,58.3,2.198,100,4.17,rain,0,0,87.7,27.8,260.6,1010.8,56.3,11,,,,,2024-04-02T06:16:31,2024-04-02T19:07:32,0.75,"Rain, Partially cloudy",Partly cloudy throughout the day with morning rain.,rain,"13272099999,13269099999,LYBE,13272599999,13183099999,13279099999,13274099999,LYVR,LYBT,13168099999"
belgrade,2024-04-03,20.3,7.5,14.7,20.3,5.9,14.5,5.1,56.3,0.099,100,4.17,rain,0,0,25.9,12.9,216.2,1016,60.3,15.6,,,,,2024-04-03T06:14:40,2024-04-03T19:08:48,0.82,"Rain, Partially cloudy",Partly cloudy throughout the day with morning rain.,rain,"13272099999,LYBE,13272599999,13183099999,13274099999,LYVR,LYBT,13168099999"
belgrade,2024-04-04,21,12.5,16.1,21,12.5,16.1,5.5,50.4,0,0,0,,0,0,41,26.7,286.8,1016.8,45.5,14.2,,,,,2024-04-04T06:12:50,2024-04-04T19:10:03,0.85,Partially cloudy,Partly cloudy throughout the day.,partly-cloudy-day,"13272099999,LYBE,13272599999,13183099999,13274099999,LYVR,LYBT"
belgrade,2024-04-05,24,10.4,17.1,24,10.4,17.1,6.8,52.6,0,0,0,,0,0,29.5,18.2,251.9,1020.4,39.4,14.2,,,,,2024-04-05T06:11:01,2024-04-05T19:11:18,0.88,Partially cloudy,Partly cloudy throughout the day.,partly-cloudy-day,"13272099999,13269099999,LYBE,13272599999,13183099999,13180099999,13274099999,LYVR,LYBT"
belgrade,2024-04-06,26.5,10.2,18.7,26.5,10.2,18.7,8.2,53.1,0,0,0,,0,0,31.7,18.3,255.3,1020,64.4,12.6,,,,,2024-04-06T06:09:12,2024-04-06T19:12:34,0.92,Partially cloudy,Partly cloudy throughout the day.,partly-cloudy-day,"13272099999,LYBE,13272599999,13183099999,13274099999,LYVR,LYBT"
belgrade,2024-04-07,26,11.4,19.6,26,11.4,19.6,9.4,54.6,0,0,0,,0,0,28.1,15.2,31.4,1019.7,26.1,13.4,,,,,2024-04-07T06:07:23,2024-04-07T19:13:49,0.95,Partially cloudy,Partly cloudy throughout the day.,partly-cloudy-day,"13272099999,LYBE,13272599999,13183099999,13180099999,13274099999,LYVR,LYBT"
belgrade,2024-04-08,26.3,14,20.3,26.3,14,20.3,6.1,41.1,0,0,0,,0,0,63,31.1,135.7,1019.2,31.4,15.4,,,,,2024-04-08T06:05:35,2024-04-08T19:15:04,0,Partially cloudy,Partly cloudy throughout the day.,partly-cloudy-day,"13272099999,LYBE,13272599999,13183099999,13266099999,13274099999,LYVR,LYBT"
belgrade,2024-04-09,28.5,13.4,21.1,27.4,13.4,21,7.5,42.7,0,0,0,,0,0,82.8,18.6,130.3,1014.6,62.8,14.8,,,,,2024-04-09T06:03:47,2024-04-09T19:16:20,0.02,Partially cloudy,Partly cloudy throughout the day.,partly-cloudy-day,"13272099999,LYBE,13272599999,13183099999,13274099999,LYVR,LYBT,13168099999"
belgrade,2024-04-10,28.3,15,20.7,27,15,20.6,8,45,0,0,0,,0,0,72,25.8,162.8,1016.2,32.2,14.6,,,,,2024-04-10T06:02:00,2024-04-10T19:17:35,0.05,Partially cloudy,Partly cloudy throughout the day.,partly-cloudy-day,"13272099999,LYBE,13272599999,13183099999,13274099999,LYVR,LYBT"
belgrade,2024-04-11,22.1,9.5,15.5,22.1,7.6,15.4,9.6,69.4,0,0,0,,0,0,27.7,17.2,267.3,1027.7,42.8,13.8,,,,,2024-04-11T06:00:13,2024-04-11T19:18:50,0.09,Partially cloudy,Partly cloudy throughout the day.,partly-cloudy-day,"13272099999,LYBE,13272599999,13183099999,13274099999,LYVR,LYBT"
belgrade,2024-04-12,25,11.4,18,25,11.4,18,11.4,67.7,0,0,0,,0,0,25.6,15.3,273.9,1028.5,14.5,11.8,,,,,2024-04-12T05:58:27,2024-04-12T19:20:05,0.12,Clear,Clear conditions throughout the day.,clear-day,"13272099999,LYBE,13272599999,13183099999,13274099999,LYVR,LYBT"
belgrade,2024-04-13,26.3,11.4,18.8,26.3,11.4,18.8,10,61.3,0,0,0,,0,0,27.7,16.5,282.6,1026.2,22.5,11.2,,,,,2024-04-13T05:56:42,2024-04-13T19:21:21,0.15,Partially cloudy,Becoming cloudy in the afternoon.,partly-cloudy-day,"13272099999,LYBE,13272599999,13183099999,13266099999,13274099999,LYVR,LYBT"
belgrade,2024-04-14,28.6,12.1,20.2,27.3,12.1,20.1,8.7,51.4,0,0,0,,0,0,15.5,9.4,192.6,1022.2,22.5,13,,,,,2024-04-14T05:54:57,2024-04-14T19:22:36,0.19,Partially cloudy,Partly cloudy throughout the day.,partly-cloudy-day,"13272099999,LYBE,13272599999,13183099999,13274099999,LYVR,LYBT,13168099999"
belgrade,2024-04-15,30.1,12.1,22.3,28.3,12.1,21.8,6.9,41,0,0,0,,0,0,46.8,21.8,232,1012,19.4,15.4,,,,,2024-04-15T05:53:13,2024-04-15T19:23:51,0.25,Clear,Clear conditions throughout the day.,clear-day,"13272099999,LYBE,13272599999,13183099999,13274099999,LYVR,LYBT"
belgrade,2024-04-16,26.6,6.1,17.5,26.6,3.2,17.1,6.8,52.4,0.003,100,4.17,rain,0,0,62.3,40.4,276.8,1004.3,48.9,12.4,,,,,2024-04-16T05:51:30,2024-04-16T19:25:06,0.25,"Rain, Partially cloudy",Partly cloudy throughout the day with late afternoon rain.,rain,"13272099999,LYBE,13272599999,13183099999,13180099999,13274099999,LYVR,LYBT"
belgrade,2024-04-17,7.3,4,6,5.6,0.2,3.6,4.9,92.8,12.066,100,16.67,rain,0,0,32.4,20.9,275.7,1005.1,91,8.7,,,,,2024-04-17T05:49:47,2024-04-17T19:26:22,0.28,"Rain, Overcast",Cloudy skies throughout the day with a chance of rain throughout the day.,rain,"13272099999,LYBE,13272599999,13183099999,13274099999,LYVR,LYBT,13168099999"
belgrade,2024-04-18,11,5,7.5,11,1.5,5.7,5.4,86.7,3.071,100,12.5,rain,0,0,40,22.6,279.4,1008.2,67.1,10.6,,,,,2024-04-18T05:48:05,2024-04-18T19:27:37,0.32,"Rain, Partially cloudy",Partly cloudy throughout the day with a chance of rain throughout the day.,rain,"13272099999,LYBE,13272599999,13183099999,13274099999,LYVR,LYBT"
belgrade,2024-04-19,14.1,2.5,8.8,14.1,-0.1,8.1,1.5,64.9,0,0,0,,0,0,26.6,17.3,263.5,1013.7,27.7,13.7,,,,,2024-04-19T05:46:24,2024-04-19T19:28:52,0.35,Partially cloudy,Partly cloudy throughout the day.,partly-cloudy-day,"13272099999,LYBE,13272599999,13183099999,13180099999,13274099999,LYVR,LYBT"
belgrade,2024-04-20,16.3,2.1,10.3,16.3,0.7,10,-0.4,52.9,0,0,0,,0,0,24.5,12.3,64.3,1010.3,44.2,14.2,,,,,2024-04-20T05:44:44,2024-04-20T19:30:07,0.38,Partially cloudy,Partly cloudy throughout the day.,partly-cloudy-day,"13272099999,LYBE,13272599999,13183099999,13180099999,13274099999,LYVR,LYBT"
belgrade,2024-04-21,12.3,5.9,9,12.3,3.1,7.7,4.4,73.7,0.989,100,4.17,rain,0,0,44.6,20.8,292.8,1012.6,76.5,11.7,,,,,2024-04-21T05:43:05,2024-04-21T19:31:22,0.42,"Rain, Partially cloudy",Partly cloudy throughout the day with late afternoon rain.,rain,"13272099999,LYBE,13272599999,13183099999,13274099999,LYVR,LYBT"
belgrade,2024-04-22,15.3,3.8,9.8,15.3,0.9,8.9,3,66.1,0.901,100,4.17,rain,0,0,28.4,14.9,304.1,1017,44.6,13,,,,,2024-04-22T05:41:27,2024-04-22T19:32:37,0.45,"Rain, Partially cloudy",Partly cloudy throughout the day with early morning rain.,rain,"13272099999,LYBE,13272599999,13183099999,13279099999,13274099999,LYVR,LYBT,13168099999"
belgrade,2024-04-23,15.7,7.1,11.1,15.7,4.3,10.4,7,77,2.028,100,4.17,rain,0,0,88.9,39.2,106.2,1009.8,75.2,11.9,,,,,2024-04-23T05:39:50,2024-04-23T19:33:52,0.48,"Rain, Partially cloudy",Partly cloudy throughout the day with late afternoon rain.,rain,"13272099999,LYBE,13272599999,13183099999,13180099999,13274099999,LYVR,LYBT"
belgrade,2024-04-24,17,7.8,11.1,17,7.1,10.9,8.7,86.2,6.04,100,12.5,rain,0,0,32.8,22.2,270.7,1005.6,69.8,11.7,,,,,2024-04-24T05:38:13,2024-04-24T19:35:07,0.5,"Rain, Partially cloudy",Partly cloudy throughout the day with rain.,rain,"13272099999,LYBE,13272599999,13183099999,13180099999,13266099999,13274099999,LYVR,LYBT"
belgrade,2024-04-25,14.3,5.7,9.8,14.3,4.4,9.4,4.8,73.5,0.003,100,4.17,rain,0,0,18,12.9,10.3,1009.3,54.4,10.4,,,,,2024-04-25T05:36:38,2024-04-25T19:36:22,0.55,"Rain, Partially cloudy",Partly cloudy throughout the day with morning rain.,rain,"13272099999,LYBE,13272599999,13183099999,13274099999,LYVR,LYBT"
belgrade,2024-04-26,18.8,5.4,12.5,18.8,4.5,12.3,4.4,61.4,0,0,0,,0,0,20.9,14.4,113.7,1013,30.5,12.9,,,,,2024-04-26T05:35:04,2024-04-26T19:37:36,0.59,Partially cloudy,Partly cloudy throughout the day.,partly-cloudy-day,"13272099999,LYBE,13272599999,13183099999,13274099999,LYVR,LYBT"
belgrade,2024-04-27,23.1,9.3,16.1,23.1,7.7,16,4.7,49.5,0,0,0,,0,0,23,13.8,158.3,1017.1,23.7,15,,,,,2024-04-27T05:33:31,2024-04-27T19:38:51,0.62,Partially cloudy,Partly cloudy throughout the day.,partly-cloudy-day,"13272099999,LYBE,13272599999,13183099999,13274099999,LYVR,LYBT"
belgrade,2024-04-28,26.1,11.6,19.5,26.1,11.6,19.5,8.5,51.8,0,0,0,,0,0,46.4,25.6,121.8,1020.2,7.5,15.4,,,,,2024-04-28T05:31:59,2024-04-28T19:40:05,0.66,Clear,Clear conditions throughout the day.,clear-day,"13272099999,13269099999,LYBE,13272599999,13183099999,13180099999,13274099999,LYVR,LYBT"
belgrade,2024-04-29,26,13.2,20,26,13.2,20,6.6,43.6,0,0,0,,0,0,68.4,30.8,119.4,1022.2,2.7,14.6,,,,,2024-04-29T05:30:28,2024-04-29T19:41:20,0.69,Clear,Clear conditions throughout the day.,clear-day,"13272099999,LYBE,13272599999,13183099999,13180099999,13274099999,LYVR,LYBT"
belgrade,2024-04-30,23,13.2,18.4,23,13.2,18.4,7.2,49.1,0,0,0,,0,0,75.6,44.3,115.8,1023.3,14.1,15.4,,,,,2024-04-30T05:28:59,2024-04-30T19:42:34,0.73,Clear,Clear conditions throughout the day.,clear-day,"13272099999,13269099999,LYBE,13272599999,13183099999,13274099999,LYVR,LYBT"
belgrade,2024-05-01,23.9,14.7,18.5,23.9,14.7,18.5,7.7,50.3,0,0,0,,0,0,94.7,40.3,123.9,1015.8,65.3,10,,,,,2024-05-01T05:27:30,2024-05-01T19:43:48,0.75,Partially cloudy,Partly cloudy throughout the day.,partly-cloudy-day,"LYBE,LYVR,LYBT"
belgrade,2024-05-02,24.8,14.7,18.7,24.8,14.7,18.7,11.1,63.1,14.824,100,8.33,rain,0,0,90.7,31.9,133.6,1010.4,49.1,13.6,,,,,2024-05-02T05:26:03,2024-05-02T19:45:01,0.8,"Rain, Partially cloudy",Partly cloudy throughout the day with rain.,rain,"13272099999,LYBE,13272599999,13183099999,13180099999,13274099999,LYVR,LYBT"
belgrade,2024-05-03,15.1,11.7,13.5,15.1,11.7,13.5,11.9,90.2,33.623,100,16.67,rain,0,0.1,42.1,28.3,151.7,1008.7,73.1,9.7,,,,,2024-05-03T05:24:37,2024-05-03T19:46:15,0.83,"Rain, Partially cloudy",Partly cloudy throughout the day with a chance of rain throughout the day.,rain,"13272099999,LYBE,13272599999,13183099999,13274099999,LYVR,LYBT"
belgrade,2024-05-04,21.3,11.7,16.1,21.3,11.7,16.1,12.8,82.1,14.02,100,8.33,rain,0,0.1,29.5,19.3,269.6,1012.7,62.7,12.6,,,,,2024-05-04T05:23:13,2024-05-04T19:47:28,0.87,"Rain, Partially cloudy",Partly cloudy throughout the day with rain clearing later.,rain,"13272099999,LYBE,13272599999,13183099999,13274099999,LYVR,LYBT"
belgrade,2024-05-05,25.1,10.8,19,25.1,10.8,19,12.3,68.6,0,0,0,,0,0,19.1,13.2,145.4,1014.3,14.2,12.9,,,,,2024-05-05T05:21:50,2024-05-05T19:48:40,0.9,Clear,Clear conditions throughout the day.,clear-day,"13272099999,LYBE,13272599999,13183099999,13180099999,13274099999,LYVR,LYBT"
belgrade,2024-05-06,26,13.5,20.2,26,13.5,20.2,11.2,58.8,0,0,0,,0,0,21.6,10.8,205.7,1012.3,56,14.2,,,,,2024-05-06T05:20:28,2024-05-06T19:49:53,0.94,Partially cloudy,Partly cloudy throughout the day.,partly-cloudy-day,"13272099999,LYBE,13272599999,13183099999,13274099999,LYVR,LYBT"
belgrade,2024-05-07,25.6,14.5,19.2,25.6,14.5,19.2,12.7,68.9,0,0,0,,0,0,24.1,28.7,231.2,1012.9,62.2,13.5,,,,,2024-05-07T05:19:08,2024-05-07T19:51:05,0.97,Partially cloudy,Partly cloudy throughout the day.,partly-cloudy-day,"13272099999,LYBE,13272599999,13183099999,13274099999,LYVR,LYBT"
belgrade,2024-05-08,21.8,14.7,18,21.8,14.7,18,14.7,82,1.284,100,8.33,rain,0,0,24.8,20.6,41.6,1015.4,51.1,12.4,,,,,2024-05-08T05:17:50,2024-05-08T19:52:17,0,"Rain, Partially cloudy",Partly cloudy throughout the day with rain in the morning and afternoon.,rain,"13272099999,LYBE,13272599999,13183099999,13274099999,LYVR,LYBT,13168099999"
belgrade,2024-05-09,21.7,13,17.1,21.7,13,17.1,12,73.8,0,0,0,,0,0,26.3,19.4,24.7,1018.5,61.9,14.2,,,,,2024-05-09T05:16:33,2024-05-09T19:53:28,0.04,Partially cloudy,Partly cloudy throughout the day.,partly-cloudy-day,"13272099999,LYBE,13272599999,13183099999,13274099999,LYVR,LYBT"
belgrade,2024-05-10,20.8,12.6,16.6,20.8,12.6,16.6,8,58.8,0,0,0,,0,0,34.6,22.9,106.6,1019.5,43.1,13.4,,,,,2024-05-10T05:15:17,2024-05-10T19:54:39,0.07,Partially cloudy,Partly cloudy throughout the day.,partly-cloudy-day,"13272099999,LYBE,13272599999,13183099999,13274099999,LYVR,LYBT"
belgrade,2024-05-11,24,11.5,17.8,24,11.5,17.8,8.1,55.8,0.6,100,4.17,rain,0,0,22.3,12.8,258.9,1018.3,39.9,15.8,,,,,2024-05-11T05:14:03,2024-05-11T19:55:49,0.11,"Rain, Partially cloudy",Partly cloudy throughout the day with morning rain.,rain,"13272099999,LYBE,13272599999,13183099999,13180099999,13274099999,LYVR,LYBT,13168099999"
belgrade,2024-05-12,21.5,13.1,16.5,21.5,13.1,16.5,11.3,72.4,3.28,100,8.33,rain,0,0,32.8,17.2,284.3,1017.8,61.4,14.4,,,,,2024-05-12T05:12:51,2024-05-12T19:56:59,0.14,"Rain, Partially cloudy",Partly cloudy throughout the day with rain in the morning and afternoon.,rain,"13272099999,LYBE,13272599999,13183099999,13180099999,13274099999,LYVR,LYBT"
belgrade,2024-05-13,22.3,7.5,15.9,22.3,7.5,15.8,7.2,63,0,0,0,,0,0,32.4,10.8,344.1,1017.4,31.4,11.3,,,,,2024-05-13T05:11:40,2024-05-13T19:58:08,0.17,Partially cloudy,Partly cloudy throughout the day.,partly-cloudy-day,"13272099999,13269099999,LYBE,13272599999,13183099999,13274099999,LYVR,LYBT"
belgrade,2024-05-14,19.6,11,15.4,19.6,11,15.4,9.6,69.3,0.003,100,4.17,rain,0,0,54,15.7,162.3,1014,74.8,13,,,,,2024-05-14T05:10:32,2024-05-14T19:59:17,0.2,"Rain, Partially cloudy",Partly cloudy throughout the day with late afternoon rain.,rain,"13272099999,LYBE,13272599999,13183099999,13274099999,LYVR,LYBT"
belgrade,2024-05-15,19.3,12.5,15.8,19.3,12.5,15.8,9.8,69.1,0,0,0,,0,0,61.2,31.9,121.5,1015.5,54.5,14.6,,,,,2024-05-15T05:09:24,2024-05-15T20:00:25,0.25,Partially cloudy,Partly cloudy throughout the day.,partly-cloudy-day,"13272099999,LYBE,13272599999,13183099999,13180099999,13274099999,LYVR,LYBT"
belgrade,2024-05-16,21.3,13.5,16.4,21.3,13.5,16.4,9.9,66.7,0.029,100,4.17,rain,0,0,90,41.2,129,1014.1,68.3,13,,,,,2024-05-16T05:08:19,2024-05-16T20:01:33,0.27,"Rain, Partially cloudy",Partly cloudy throughout the day with late afternoon rain.,rain,"13272099999,LYBE,13272599999,13183099999,13180099999,13274099999,LYVR,LYBT"
belgrade,2024-05-17,22.9,14.4,17.6,22.9,14.4,17.6,11.1,66.5,2.196,100,8.33,rain,0,0,111.6,40.9,131.7,1011.4,69,13.6,,,,,2024-05-17T05:07:16,2024-05-17T20:02:39,0.3,"Rain, Partially cloudy",Partly cloudy throughout the day with rain clearing later.,rain,"13272099999,LYBE,13272599999,13183099999,13274099999,LYVR,LYBT"
belgrade,2024-05-18,26,11.8,19.9,26,11.8,19.9,11.3,62.4,3.955,100,4.17,rain,0,0,72.4,15.4,120.7,1014.4,41.2,12.9,,,,,2024-05-18T05:06:14,2024-05-18T20:03:45,0.33,"Rain, Partially cloudy",Becoming cloudy in the afternoon with early morning rain.,rain,"13272099999,LYBE,13272599999,13183099999,13274099999,LYVR,LYBT"
belgrade,2024-05-19,27.3,17.8,22.1,27.3,17.8,22.1,14,61.3,0,0,0,,0,0,64.8,20.5,136.3,1011.6,72.1,13.6,,,,,2024-05-19T05:05:14,2024-05-19T20:04:50,0.37,Partially cloudy,Partly cloudy throughout the day.,partly-cloudy-day,"13272099999,LYBE,13272599999,13183099999,13274099999,LYVR,LYBT"
belgrade,2024-05-20,25,17,21,25,17,21,16.2,75.3,0.325,100,4.17,rain,0,0,64.8,25.2,116.5,1012.1,58.6,15.1,,,,,2024-05-20T05:04:16,2024-05-20T20:05:54,0.4,"Rain, Partially cloudy",Partly cloudy throughout the day with early morning rain.,rain,"13272099999,LYBE,13272599999,13183099999,13180099999,13274099999,LYVR,LYBT"
belgrade,2024-05-21,27,16.6,21.8,27.7,16.6,21.9,15.6,69.1,0,0,0,,0,0,81.7,38.9,123.5,1009.2,58.6,12.9,,,,,2024-05-21T05:03:20,2024-05-21T20:06:58,0.43,Partially cloudy,Partly cloudy throughout the day.,partly-cloudy-day,"13272099999,LYBE,13272599999,13183099999,13279099999,13180099999,13274099999,LYVR,LYBT"
belgrade,2024-05-22,23.6,15.7,19.3,23.6,15.7,19.3,15.5,80.1,24.838,100,12.5,rain,0,0,68.4,24.2,171.6,1010.7,66.8,12.2,,,,,2024-05-22T05:02:26,2024-05-22T20:08:00,0.46,"Rain, Partially cloudy",Partly cloudy throughout the day with rain.,rain,"13272099999,LYBE,13272599999,13183099999,13274099999,LYVR,LYBT"
belgrade,2024-05-23,20.2,14.1,16.5,20.2,14.1,16.5,14.6,88.8,6.519,100,16.67,rain,0,0,35.3,21.4,260.2,1015,63,14.8,,,,,2024-05-23T05:01:34,2024-05-23T20:09:01,0.5,"Rain, Partially cloudy",Partly cloudy throughout the day with a chance of rain throughout the day.,rain,"13272099999,LYBE,13272599999,13183099999,13180099999,13266099999,13274099999,LYVR,LYBT"
belgrade,2024-05-24,23.3,15,18.2,23.3,15,18.2,14.9,82.7,5.132,100,16.67,rain,0,0,22,12.7,53,1018.3,46.7,12.8,,,,,2024-05-24T05:00:44,2024-05-24T20:10:02,0.53,"Rain, Partially cloudy",Partly cloudy throughout the day with a chance of rain throughout the day.,rain,"13272099999,LYBE,13272599999,13183099999,13274099999,LYVR,LYBT"
belgrade,2024-05-25,27,13.4,20.5,26.7,13.4,20.5,12.8,66.2,0,0,0,,0,0,44.6,26,108.7,1016.6,35.7,13.4,,,,,2024-05-25T04:59:56,2024-05-25T20:11:01,0.57,Partially cloudy,Partly cloudy throughout the day.,partly-cloudy-day,"13272099999,LYBE,13272599999,13183099999,13180099999,13274099999,LYVR,LYBT"
belgrade,2024-05-26,25.6,16.1,20.9,25.6,16.1,20.9,10.3,53.4,0,0,0,,0,0,55.4,22.1,110.5,1017.2,68,14.2,,,,,2024-05-26T04:59:10,2024-05-26T20:11:59,0.6,Partially cloudy,Partly cloudy throughout the day.,partly-cloudy-day,"13272099999,LYBE,13272599999,13183099999,13274099999,LYVR,LYBT"
belgrade,2024-05-27,27.8,12.7,19.3,26.9,12.7,19.3,12,67.8,0,0,0,,0,0,15.5,17.9,241.3,1018.4,40.3,12.8,,,,,2024-05-27T04:58:27,2024-05-27T20:12:56,0.64,Partially cloudy,Partly cloudy throughout the day.,partly-cloudy-day,"13272099999,13173099999,LYBE,13272599999,13183099999,13180099999,13274099999,LYVR,LYBT"
belgrade,2024-05-28,26.1,13.8,20.2,26.1,13.8,20.2,10.6,57.6,0,0,0,,0,0,30.6,15.6,46.3,1014.1,31.9,14.2,,,,,2024-05-28T04:57:45,2024-05-28T20:13:52,0.67,Partially cloudy,Partly cloudy throughout the day.,partly-cloudy-day,"13272099999,LYBE,13272599999,13183099999,13274099999,LYVR,LYBT"
belgrade,2024-05-29,26,15,20.1,26,15,20.1,13.3,66.9,1.972,100,4.17,rain,0,0,46.4,29.1,279.3,1012.4,52.3,13.7,,,,,2024-05-29T04:57:06,2024-05-29T20:14:46,0.71,"Rain, Partially cloudy",Partly cloudy throughout the day with early morning rain.,rain,"13272099999,LYBE,13272599999,13183099999,13274099999,LYVR,LYBT,13168099999"
belgrade,2024-05-30,27,15.5,20.6,26.8,15.5,20.6,14.3,69.9,1.094,100,12.5,rain,0,0,29.5,23,189.4,1008,39,12.8,,,,,2024-05-30T04:56:28,2024-05-30T20:15:39,0.75,"Rain, Partially cloudy",Partly cloudy throughout the day with rain.,rain,"13272099999,LYBE,13272599999,13183099999,13274099999,LYVR,LYBT"
belgrade,2024-05-31,25.5,15.8,20.7,25.5,15.8,20.7,14.6,70,2.017,100,8.33,rain,0,0,43.2,23.3,165.2,1007.7,61.9,13.8,,,,,2024-05-31T04:55:53,2024-05-31T20:16:31,0.78,"Rain, Partially cloudy",Partly cloudy throughout the day with rain.,rain,"13272099999,LYBE,13272599999,13183099999,13274099999,LYVR,LYBT"
belgrade,2024-06-01,28.8,18.5,23.7,28.2,18.5,23.7,13.1,52.5,0.001,100,4.17,rain,0,0,38.9,25,181,1010.9,37,14.6,,,,,2024-06-01T04:55:20,2024-06-01T20:17:21,0.82,"Rain, Partially cloudy",Partly cloudy throughout the day with afternoon rain.,rain,"13272099999,LYBE,13272599999,13183099999,13274099999,LYVR,LYBT"
belgrade,2024-06-02,29,16.1,23.1,27.9,16.1,22.9,10.7,48.2,0,0,0,,0,0,57.6,17.7,140.4,1015.4,47.5,14.5,,,,,2024-06-02T04:54:50,2024-06-02T20:18:10,0.85,Partially cloudy,Partly cloudy throughout the day.,partly-cloudy-day,"13272099999,LYBE,13272599999,13183099999,13180099999,13274099999,LYVR,LYBT"
belgrade,2024-06-03,25,16.1,19,25,16.1,19,16.3,85.5,17.938,100,8.33,rain,0,0,61.2,33.3,176.7,1013.3,63.5,13,,,,,2024-06-03T04:54:21,2024-06-03T20:18:57,0.89,"Rain, Partially cloudy",Partly cloudy throughout the day with rain.,rain,"13272099999,LYBE,13272599999,13183099999,13180099999,13274099999,LYVR,LYBT"
belgrade,2024-06-04,25.1,13.7,19.8,25.1,13.7,19.8,14.1,71.9,0,0,0,,0,0,37.4,26.6,263,1013.2,24.3,14.5,,,,,2024-06-04T04:53:55,2024-06-04T20:19:42,0.92,Partially cloudy,Partly cloudy throughout the day.,partly-cloudy-day,"13272099999,LYBE,13272599999,13183099999,13180099999,13274099999,LYVR,LYBT"
belgrade,2024-06-05,26.3,14.4,21,26.3,14.4,21,14.7,69.5,0,0,0,,0,0,26.6,14.3,203.4,1014.9,30.4,15.4,,,,,2024-06-05T04:53:31,2024-06-05T20:20:26,0.96,Partially cloudy,Partly cloudy throughout the day.,partly-cloudy-day,"13272099999,LYBE,13272599999,13183099999,13180099999,13274099999,LYVR,LYBT"
belgrade,2024-06-06,29.1,16.1,23.3,28.7,16.1,23.2,14.9,62.7,0,0,0,,0,0,19.1,9.3,95.3,1016.9,14.8,13.8,,,,,2024-06-06T04:53:10,2024-06-06T20:21:08,0,Clear,Clear conditions throughout the day.,clear-day,"13272099999,LYBE,13272599999,13183099999,13180099999,13274099999,LYVR,LYBT"
belgrade,2024-06-07,31.6,17.1,25.4,30.3,17.1,25.2,14.4,54,0,0,0,,0,0,18.7,10.5,10.3,1015.6,34.3,15.4,,,,,2024-06-07T04:52:51,2024-06-07T20:21:49,0.03,Partially cloudy,Partly cloudy throughout the day.,partly-cloudy-day,"13272099999,LYBE,13272599999,13183099999,13266099999,13274099999,LYVR,LYBT"
belgrade,2024-06-08,32,18.4,26,31.7,18.4,25.9,15.8,56.7,0,0,0,,0,0,15.5,12.6,57.7,1013.3,27.4,13.8,,,,,2024-06-08T04:52:34,2024-06-08T20:22:28,0.06,Partially cloudy,Partly cloudy throughout the day.,partly-cloudy-day,"13272099999,LYBE,13272599999,13183099999,13274099999,LYVR,LYBT"
belgrade,2024-06-09,31.6,21.5,27.1,32.8,21.5,27.5,16.8,54,0,0,0,,0,0,36,19.9,247.8,1008.9,38.6,13.4,,,,,2024-06-09T04:52:19,2024-06-09T20:23:05,0.09,Partially cloudy,Partly cloudy throughout the day.,partly-cloudy-day,"13272099999,LYBE,13272599999,13183099999,13180099999,13274099999,LYVR,LYBT"
belgrade,2024-06-10,35.2,22.1,28.1,35.4,22.1,27.9,16.2,51.5,0.992,100,4.17,rain,0,0,59.8,26.5,197.4,1005,42.6,12.5,,,,,2024-06-10T04:52:07,2024-06-10T20:23:40,0.13,"Rain, Partially cloudy",Partly cloudy throughout the day with morning rain.,rain,"13272099999,LYBE,13272599999,13183099999,13180099999,13274099999,LYVR,LYBT"
belgrade,2024-06-11,26.8,19.7,22.6,28.2,19.7,22.7,18.6,78.8,6.057,100,8.33,rain,0,0,39.6,21.9,344.7,1009.2,47.5,12.5,,,,,2024-06-11T04:51:56,2024-06-11T20:24:13,0.16,"Rain, Partially cloudy",Partly cloudy throughout the day with rain in the morning and afternoon.,rain,"13272099999,LYBE,13272599999,13183099999,13274099999,LYVR,LYBT"
belgrade,2024-06-12,24.8,17.7,20.6,24.8,17.7,20.6,17.8,84.6,5.238,100,8.33,rain,0,0,37.4,22.3,240.9,1013.1,75.2,11.3,,,,,2024-06-12T04:51:49,2024-06-12T20:24:44,0.19,"Rain, Partially cloudy",Partly cloudy throughout the day with rain.,rain,"13272099999,LYBE,13272599999,13183099999,13180099999,13274099999,LYVR,LYBT"
belgrade,2024-06-13,21,15,17.7,21,15,17.7,16,90,3.706,100,12.5,rain,0,0,30.6,18.2,278.7,1015.1,84.6,10.1,,,,,2024-06-13T04:51:43,2024-06-13T20:25:13,0.22,"Rain, Partially cloudy",Partly cloudy throughout the day with rain.,rain,"13272099999,LYBE,13272599999,13183099999,13266099999,13274099999,LYVR,LYBT"
belgrade,2024-06-14,24.3,12.8,18.3,24.3,12.8,18.3,11.5,69.3,0.818,100,8.33,rain,0,0,32,18.2,286.7,1016,53.9,12.2,,,,,2024-06-14T04:51:40,2024-06-14T20:25:40,0.25,"Rain, Partially cloudy",Partly cloudy throughout the day with rain clearing later.,rain,"13272099999,LYBE,13272599999,13183099999,13180099999,13274099999,LYVR,LYBT"
belgrade,2024-06-15,28,13.4,21.3,27.1,13.4,21.2,11.4,57.4,0,0,0,,0,0,15.5,11.3,130.9,1013.1,6.6,14.8,,,,,2024-06-15T04:51:39,2024-06-15T20:26:06,0.29,Clear,Clear conditions throughout the day.,clear-day,"13272099999,LYBE,13272599999,13183099999,13180099999,13274099999,LYVR,LYBT,13168099999"
belgrade,2024-06-16,30.3,16.1,24.2,29.5,16.1,24,13.6,54.2,0,0,0,,0,0,19.4,10.6,314.6,1011.3,28.2,15.4,,,,,2024-06-16T04:51:41,2024-06-16T20:26:29,0.32,Partially cloudy,Partly cloudy throughout the day.,partly-cloudy-day,"13272099999,LYBE,13272599999,13183099999,13274099999,LYVR,LYBT"
belgrade,2024-06-17,30.1,18.7,25,30.1,18.7,25.1,16.9,63.2,1.029,100,4.17,rain,0,0,20.2,12.8,33.3,1014.9,41.3,13.8,,,,,2024-06-17T04:51:44,2024-06-17T20:26:50,0.35,"Rain, Partially cloudy",Partly cloudy throughout the day with early morning rain.,rain,"13272099999,LYBE,13272599999,13183099999,13266099999,13274099999,LYVR,LYBT"
belgrade,2024-06-18,33.3,19.3,26.9,32.9,19.3,26.9,16.5,56.4,0,0,0,,0,0,21.2,16.1,86.2,1017.1,16.5,14.6,,,,,2024-06-18T04:51:50,2024-06-18T20:27:08,0.38,Clear,Clear conditions throughout the day.,clear-day,"13272099999,LYBE,13272599999,13183099999,13274099999,LYVR,LYBT"
belgrade,2024-06-19,35.6,20.1,29.1,36.7,20.1,29.4,16.5,49.2,0,0,0,,0,0,19.8,12,220.5,1015.5,0.8,14.6,,,,,2024-06-19T04:51:58,2024-06-19T20:27:25,0.42,Clear,Clear conditions throughout the day.,clear-day,"13272099999,LYBE,13272599999,13183099999,13180099999,13274099999,LYVR,LYBT,13168099999"
belgrade,2024-06-20,34.1,22.4,28.8,35.5,22.4,29.5,18.1,54.2,0,0,0,,0,0,18.4,13.5,287.4,1017.2,45.4,13.3,,,,,2024-06-20T04:52:08,2024-06-20T20:27:39,0.45,Partially cloudy,Partly cloudy throughout the day.,partly-cloudy-day,"13272099999,13269099999,LYBE,13272599999,13183099999,13180099999,13274099999,LYVR,LYBT"
belgrade,2024-06-21,35.1,22.4,29.2,38.2,22.4,30.9,20.5,61.9,0,0,0,,0,0,54,14.9,110.8,1015.7,36.9,12.4,,,,,2024-06-21T04:52:21,2024-06-21T20:27:51,0.48,Partially cloudy,Partly cloudy throughout the day.,partly-cloudy-day,"13272099999,LYBE,13272599999,13183099999,13274099999,LYVR,LYBT"
belgrade,2024-06-22,37,23.5,30.1,39.4,23.5,31.6,20.2,57.7,0.497,100,4.17,rain,0,0,50.4,23.6,127.4,1008.7,31.2,12.1,,,,,2024-06-22T04:52:36,2024-06-22T20:28:01,0.5,"Rain, Partially cloudy",Becoming cloudy in the afternoon with late afternoon rain.,rain,"13272099999,LYBE,13272599999,13183099999,13274099999,LYVR,LYBT"
belgrade,2024-06-23,29.8,20.1,25.5,32.1,20.1,26.1,20,73.3,0.099,100,4.17,rain,0,0,32.8,22.4,298.9,1009.3,60.7,11.7,,,,,2024-06-23T04:52:52,2024-06-23T20:28:09,0.55,"Rain, Partially cloudy",Partly cloudy throughout the day with early morning rain.,rain,"13272099999,LYBE,13272599999,13183099999,13274099999,LYVR,LYBT"
belgrade,2024-06-24,32,20.7,26.6,33.1,20.7,27.1,18.6,63.8,0,0,0,,0,0,29.5,13.9,357.3,1012,62.7,14.2,,,,,2024-06-24T04:53:11,2024-06-24T20:28:14,0.59,Partially cloudy,Partly cloudy throughout the day.,partly-cloudy-day,"13272099999,LYBE,13272599999,13183099999,13266099999,13274099999,LYVR,LYBT"
belgrade,2024-06-25,32.5,20.5,25.8,33.7,20.5,26.2,17.8,63.1,1.985,100,4.17,rain,0,0,44.3,14.1,18,1013.8,64.5,15.1,,,,,2024-06-25T04:53:32,2024-06-25T20:28:17,0.62,"Rain, Partially cloudy",Becoming cloudy in the afternoon with late afternoon rain.,rain,"13272099999,13173099999,LYBE,13272599999,13183099999,13180099999,13274099999,LYVR,LYBT,13168099999"
belgrade,2024-06-26,27,20.7,22.8,28,20.7,22.8,18.7,78.7,4.084,100,12.5,rain,0,0,70.6,24.3,133.4,1012.9,62.1,11.4,,,,,2024-06-26T04:53:55,2024-06-26T20:28:18,0.66,"Rain, Partially cloudy",Partly cloudy throughout the day with a chance of rain throughout the day.,rain,"13272099999,LYBE,13272599999,13183099999,13274099999,LYVR,LYBT"
belgrade,2024-06-27,27,18.9,22.5,28.3,18.9,22.6,18.2,78,0.014,100,8.33,rain,0,0,66.6,23.3,174.2,1010.4,69.7,13,,,,,2024-06-27T04:54:20,2024-06-27T20:28:17,0.69,"Rain, Partially cloudy",Partly cloudy throughout the day with rain.,rain,"13272099999,LYBE,13272599999,13183099999,13274099999,LYVR,LYBT"
belgrade,2024-06-28,29.3,18.5,23.6,30.1,18.5,23.9,18.2,74.3,127.552,100,8.33,rain,0,0,28.8,15.8,221,1014.4,56.7,12.9,,,,,2024-06-28T04:54:47,2024-06-28T20:28:13,0.75,"Rain, Partially cloudy",Clearing in the afternoon with rain clearing later.,rain,"13272099999,LYBE,13272599999,13183099999,13180099999,13266099999,13274099999,LYVR,LYBT"
belgrade,2024-06-29,32.6,20.4,26.7,33.3,20.4,27.4,19.2,66.7,0,0,0,,0,0,16.9,11.8,248.2,1017,19.5,11.8,,,,,2024-06-29T04:55:16,2024-06-29T20:28:06,0.76,Clear,Clear conditions throughout the day.,clear-day,"13272099999,LYBE,13272599999,13183099999,13274099999,LYVR,LYBT"
belgrade,2024-06-30,34.3,22.7,28.5,36.3,22.7,29.5,19.2,58.8,0,0,0,,0,0,59.4,21.9,135.6,1012.3,40,15.4,,,,,2024-06-30T04:55:47,2024-06-30T20:27:58,0.8,Partially cloudy,Clearing in the afternoon.,partly-cloudy-day,"13272099999,LYBE,13272599999,13183099999,13274099999,LYVR,LYBT"
belgrade,2024-07-01,33.7,18.5,28.5,34.5,18.5,29.1,18.7,57.6,0,0,0,,0,0,61.2,23.6,270.2,1009.1,43.8,13,,,,,2024-07-01T04:56:20,2024-07-01T20:27:47,0.84,Partially cloudy,Partly cloudy throughout the day.,partly-cloudy-day,"13272099999,LYBE,13272599999,13183099999,13180099999,13274099999,LYVR,LYBT"
